Id	Tag	Priority	Name	Icon	StoryText	BackImage	EventImage	Effect	Flg	Se	Bgm	Anime	StImage	StImage	StFace	StFace	StPosi	StPosi	StTurn	StTurn
																			FALSE	FALSE
1			サラ		兄さん、やっぱり考え直してくれないの？	Town					touge_no_mura		Sara		Sad	Normal	Center		FALSE	FALSE
2			サラ		危険過ぎるよ。この間だって、探窟家が一人、悪魔に殺されたっていうでしょ？	Town					touge_no_mura		Sara		Sad	Normal	Center		FALSE	FALSE
3			サラ		確かに兄さんの剣術は、父さんとレイン様仕込みで、誰よりスゴいのは知ってるけど……。	Town					touge_no_mura		Sara		Sad	Normal	Center		FALSE	FALSE
4			サラ		兄さんに剣を教えた父さんだって、アベルの塔に挑んで帰って来れなかったんだよ？	Town					touge_no_mura		Sara		Sad	Normal	Center		FALSE	FALSE
5			サラ		父さんの遺品だけが街に戻ってきたのを見た時、私……。	Town					touge_no_mura		Sara		Sad	Normal	Center		FALSE	FALSE
6			サラ		……。	Town					touge_no_mura		Sara		Sad	Normal	Center		FALSE	FALSE
7			リチェルカ		こーら。やっぱり思った通りだったよ、この子は。	Town					touge_no_mura		Sara	Ricerca	Sad	Normal	Left	Right	FALSE	FALSE
8			サラ		リチェルカ……。	Town					touge_no_mura		Sara	Ricerca	Sad	Normal	Left	Right	FALSE	FALSE
9			リチェルカ		ワガママ言わないって約束したでしょ？\n@player@はもう決めたんだから。	Town					touge_no_mura		Sara	Ricerca	Sad	Normal	Left	Right	FALSE	FALSE
10			サラ		でも……兄さんが帰ってこなかったら、なんて考えたら……。	Town					touge_no_mura		Sara	Ricerca	Sad	Normal	Left	Right	FALSE	FALSE
11			リチェルカ		あー、もう。心配性なんだから。\nこれじゃ話が進まない。	Town					touge_no_mura		Sara	Ricerca	Sad	Normal	Left	Right	FALSE	FALSE
12			リチェルカ		@player@、サラはアタシが説得しとくから、もう行っちゃいなよ。レオン様待たせてるんでしょ？	Town					touge_no_mura		Sara	Ricerca	Sad	Normal	Left	Right	FALSE	FALSE
13			サラ		あ、兄さん待って！	Town					touge_no_mura		Sara	Ricerca	Sad	Normal	Left	Right	FALSE	FALSE
14			サラ		……。	Town					touge_no_mura		Sara	Ricerca	Sad	Normal	Left	Right	FALSE	FALSE
15			サラ		行っちゃった……。	Town					touge_no_mura		Sara	Ricerca	Sad	Normal	Left	Right	FALSE	FALSE
16			サラ		もう！　リチェルカ！	Town					touge_no_mura		Sara	Ricerca	Angry	Normal	Left	Right	FALSE	FALSE
17			リチェルカ		ごめんごめん。でも、@player@が一度決めたことは曲げないの、アンタが一番知ってるでしょ？	Town					touge_no_mura		Sara	Ricerca	Angry	Normal	Left	Right	FALSE	FALSE
18			サラ		そうだけど……。	Town					touge_no_mura		Sara	Ricerca	Sad	Normal	Left	Right	FALSE	FALSE
19			サラ		……ねぇ、リチェルカ。兄さんが塔へ行こうとするのって、やっぱり……。	Town					touge_no_mura		Sara	Ricerca	Sad	Normal	Left	Right	FALSE	FALSE
20			リチェルカ		自分のためじゃないか？　って言いたいの？	Town					touge_no_mura		Sara	Ricerca	Sad	Normal	Left	Right	FALSE	FALSE
21			サラ		うん。私の病気のせいで、兄さんは『空の下』を目指してるんじゃないかって……。	Town					touge_no_mura		Sara	Ricerca	Sad	Normal	Left	Right	FALSE	FALSE
22			リチェルカ		不治の病、『アベル敗血症』か……。	Town					touge_no_mura		Sara	Ricerca	Sad	Normal	Left	Right	FALSE	FALSE
23			リチェルカ		たしかに、空の下に行けば治るって言ってたわね。\nアンタ達のお父さんが。	Town					touge_no_mura		Sara	Ricerca	Sad	Normal	Left	Right	FALSE	FALSE
24			サラ		もし、兄さんが私のために危険を冒そうとしているのなら……。	Town					touge_no_mura		Sara	Ricerca	Sad	Normal	Left	Right	FALSE	FALSE
25			リチェルカ		ストップ！　それ以上は言いっこなしだよ。\n@player@との約束だったでしょ？	Town					touge_no_mura		Sara	Ricerca	Sad	Normal	Left	Right	FALSE	FALSE
26			リチェルカ		それに、どっちにしてもアイツは空の下を目指したんじゃないかな？	Town					touge_no_mura		Sara	Ricerca	Sad	Normal	Left	Right	FALSE	FALSE
27			サラ		静かに二人で暮らしていくのは兄さんにとって嫌だってことなの？	Town					touge_no_mura		Sara	Ricerca	Sad	Normal	Left	Right	FALSE	FALSE
28			リチェルカ		そうじゃないけど、アンタ達二人で静かに生きていけるほど、この街は甘くないってこと。	Town					touge_no_mura		Sara	Ricerca	Sad	Normal	Left	Right	FALSE	FALSE
29			リチェルカ		厳しい言い方になるけどね、アンタ達は大逆賊、マリウスの子供なのよ？	Town					touge_no_mura		Sara	Ricerca	Sad	Normal	Left	Right	FALSE	FALSE
30			サラ		それは！	Town					touge_no_mura		Sara	Ricerca	Sad	Normal	Left	Right	FALSE	FALSE
31			リチェルカ		濡れ衣。マリウスさんは無実だって言うんでしょ？	Town					touge_no_mura		Sara	Ricerca	Sad	Normal	Left	Right	FALSE	FALSE
32			リチェルカ		でも世間はそうは思わない。本来だったら、迫害されててもおかしくないんだよ？	Town					touge_no_mura		Sara	Ricerca	Sad	Normal	Left	Right	FALSE	FALSE
33			リチェルカ		今はレオン様がアンタ達を守ってくれてるけど、いつまでそれが続くとは思えない。	Town					touge_no_mura		Sara	Ricerca	Sad	Normal	Left	Right	FALSE	FALSE
34			リチェルカ		だけど、もしも空の下が言い伝えられているような自由な世界なら、きっと自分たちが生きられる場所がきっとある。	Town					touge_no_mura		Sara	Ricerca	Sad	Normal	Left	Right	FALSE	FALSE
35			リチェルカ		@player@ならそう考えるんじゃないかな。	Town					touge_no_mura		Sara	Ricerca	Sad	Normal	Left	Right	FALSE	FALSE
36			リチェルカ		あと、アベルの塔で消息不明になったマリウスさんのことも自分の目で確かめたいだろうし。	Town					touge_no_mura		Sara	Ricerca	Sad	Normal	Left	Right	FALSE	FALSE
37			リチェルカ		それに、男の子なんだよ？\n青い空をこの目で見てみたい。そんな夢とロマンを追ったって不思議じゃないでしょ？	Town					touge_no_mura		Sara	Ricerca	Sad	Normal	Left	Right	FALSE	FALSE
38			サラ		…もし、その夢が本当に兄さんの望みなら、私は邪魔しない。\nでも……。	Town					touge_no_mura		Sara	Ricerca	Sad	Normal	Left	Right	FALSE	FALSE
39			リチェルカ		『でも』はなし。だって分からないんだから。サラのためなのか、生きる場所を探すためか、それとも夢のためか。アイツ話したがらないし。	Town					touge_no_mura		Sara	Ricerca	Sad	Normal	Left	Right	FALSE	FALSE
40			リチェルカ		だからせめて応援しようよ。\n@player@がいつでも帰ってこれるように、アンタはアイツの居場所を守ってやりな。	Town					touge_no_mura		Sara	Ricerca	Sad	Normal	Left	Right	FALSE	FALSE
41			サラ		……うん。分かった。\nもう兄さんを止めたりしないって約束する。	Town					touge_no_mura		Sara	Ricerca	Normal	Normal	Left	Right	FALSE	FALSE
42			サラ		ありがとう、リチェルカ。\n私、強くなるよ。兄さんが安心できるように。	Town					touge_no_mura		Sara	Ricerca	Normal	Normal	Left	Right	FALSE	FALSE
43			リチェルカ		うん、えらいえらい。	Town					touge_no_mura		Sara	Ricerca	Normal	Normal	Left	Right	FALSE	FALSE
44			サラ		……兄さん。空の下にたどり着くまで、兄さんが帰る場所は私が守るからね。	Town					touge_no_mura		Sara	Ricerca	Normal	Normal	Left	Right	FALSE	FALSE
45			サラ		いつでも帰ってきてね、兄さん。	Town					touge_no_mura		Sara	Ricerca	Normal	Normal	Left	Right	FALSE	FALSE
