Id	Tag	Priority	Name	Icon	StoryText	BackImage	EventImage	Effect	Flg	Se	Bgm	Anime	StImage	StImage	StFace	StFace	StPosi	StPosi	StTurn	StTurn
																				
					@player@は走る。	RedCave					PerituneMaterial_Pray									
					今まで彼が切り開いてきたアベルの塔の内部……空の下への道を。	RedCave					PerituneMaterial_Pray									
					その腕には、最愛の家族を抱いて。	RedCave					PerituneMaterial_Pray									
					サラにはもう意識がない。\n強い発作は起こしていないものの、病気の進行は深刻だった。	RedCave					PerituneMaterial_Pray									
					薬による治療も休養も、もはや気休めにもならない。	RedCave					PerituneMaterial_Pray									
					だからもう@player@はすがるしかない。\n父が追った『空の下』の起こす奇跡に。アベル敗血症を癒すというおとぎ話に。	RedCave					PerituneMaterial_Pray									
					その横には、必死の形相で@player@に並走しながら、意識のないサラを励ますリチェルカがいた。	RedCave					PerituneMaterial_Pray		Ricerca				Center			
			リチェルカ		サラ！　サラ！　もう少しだからっ！　頑張って、サラ！	RedCave					PerituneMaterial_Pray		Ricerca				Center			
					呼吸も荒く真っ赤な表情でついて来た彼女だったが、体力の限界を迎え、転ぶように倒れこんだ。	RedCave					PerituneMaterial_Pray		Ricerca				Center			
					心配そうに振り返る@player@をリチェルカが力を振り絞って一喝する。	RedCave					PerituneMaterial_Pray		Ricerca				Center			
			リチェルカ		行って！@player@！\nサラを助けなさい！	RedCave					PerituneMaterial_Pray									
					@player@は歯を食いしばり、再び走り出す。\n無駄にするわけにはいかない。もう失ってたまるか。	RedCave					PerituneMaterial_Pray									
					@player@は走り続けた。降り続けた。\n宇宙船と地球をつなぐエレベーターシャフト、アベルの塔を。	RedCave					PerituneMaterial_Pray									
					ーーー空の上から、空の下を目指して……。	RedCave					PerituneMaterial_Pray									
					………															
					……															
					…															
					蒼。	SoraNoShita					oyasumi									
					目指していた空の下。\n長いアベルの塔を駆け抜けて、ようやく辿り着いた夢の場所。	SoraNoShita					oyasumi									
					地平の向こうまで茂る草木、遥か向こうに見える海、そして天井の無い空。	SoraNoShita					oyasumi									
					ずっと夢見ていたものだ。@player@だけではない、父も、きっとその父も。	SoraNoShita					oyasumi									
					だが、それも今はどうでもいい。\n一番見せたかった人が目を覚まさないのだから。	SoraNoShita					oyasumi									
					@player@は何度もサラに呼びかける。	SoraNoShita					oyasumi									
					地球の環境は、確かに彼らからアベル敗血症、ジアース由来のウイルスを駆逐し始めているはずだ。	SoraNoShita					oyasumi									
					だが、それはいつになれば完了する？\nいつまでサラの体力は持つ？	SoraNoShita					oyasumi									
					願う。@player@は願う。妹の無事を。	SoraNoShita					oyasumi									
					今まで決して願うことなく、夢見たことは己の力で成し遂げてきた少年が、ただ弱々しい祈りを捧げている。	SoraNoShita					oyasumi									
					叫ぶ。@player@は叫ぶ。己の無力を。	SoraNoShita					oyasumi									
					これまで無数の悪魔と対峙しても決して怯むことはなかった剣士が、何もできずに失う事に怯えていた。	SoraNoShita					oyasumi									
					@player@の涙がサラの顔を濡らす。	SoraNoShita					oyasumi									
					その閉じた瞳を、唇を、@player@の涙が。	SoraNoShita					oyasumi									
					諦めてはいない。絶望などするものか。\nそれでも、涙が止まらなかった。	SoraNoShita					oyasumi									
					不安が鎌首をもたげてくる。	SoraNoShita					oyasumi									
					ーーもうお終いだ。	SoraNoShita					oyasumi									
					黙れ。	SoraNoShita					oyasumi									
					『空の下』に行けば助かるなんて、ただの夢物語。\n苦し紛れの寓話でしかない。	SoraNoShita					oyasumi									
					黙れ。	SoraNoShita					oyasumi									
					だってほら、もうサラは動かない。目を覚まさない！	SoraNoShita					oyasumi									
					黙れ。	SoraNoShita					oyasumi									
					黙れ黙れ黙れ！！	SoraNoShita					oyasumi									
					@player@は心に浮かぶ弱さを叱責しながら、サラの体を夏草のベッドとマフラーで温めた。	SoraNoShita					oyasumi									
					……だが。	SoraNoShita					oyasumi									
					……こんなに暖かい日差しなのに、サラの体は徐々に冷たくなっていく……。	SoraNoShita					oyasumi									
					……こんなに澄んだ空気なのに、サラの呼吸は弱くなっていく……。	SoraNoShita					oyasumi									
					ーーーそして。	SoraNoShita					oyasumi									
					………鼓動が……止まった……。	SoraNoShita					oyasumi									
					………。	SoraNoShita					oyasumi									
					………。	SoraNoShita					oyasumi									
					………。	SoraNoShita					oyasumi									
					こんなに明るくても、世界は真っ暗だと知った。	SoraNoShita					oyasumi									
					あの地下世界は、あんなに薄暗くても、かけがえない優しい光がそばにあったのだ。	SoraNoShita					oyasumi									
					その光を失ったとき、もはや天井に閉ざされた薄暗い街も、太陽の照らす空の下も、何も変わらない。	SoraNoShita					oyasumi									
					変わらない、黒。変わらない、絶望。	SoraNoShita					oyasumi									
					もう……ダメだ……。	SoraNoShita					oyasumi									
					無数の悪魔を退けてきた最強の剣士も、絶望という死神の前には無力だった。	SoraNoShita					oyasumi									
					戦う意味も無く、生きる意味さえ失い、@player@は背負った大剣を抜く。	SoraNoShita					oyasumi									
					ともに、これまで幾多の敵との死闘を切り抜けてきた相棒。	SoraNoShita					oyasumi									
					それをどうするつもりだったのか……@player@にも分からない。	SoraNoShita					oyasumi									
					必要が無くなり捨てるつもりだったのか、あるいは墓でも掘るつもりだったのか、あるいは……。	SoraNoShita					oyasumi									
					だが……。	SoraNoShita					oyasumi									
					誰かの細い指が、それを止めた。	SoraNoShita					oyasumi									
					@player@のものではない、小さな白い手が。	SoraNoShita					oyasumi									
					そして……。	SoraNoShita	Slow	Slow												
					ゆっくり。	SoraNoShita	Slow	Slow												
					ゆっくりと……。	SoraNoShita	Slow	Slow												
					その瞼が開かれていく……。	SoraNoShita	Slow	Slow												
					失ったはずの光が灯る。	SoraNoShita	Slow	Slow												
					そらのしたに、光が満ちる……。	SoraNoShita	Slow	Slow												
			サラ		……まぶしいね、兄さん。	SoraNoShita	Slow	Slow												
