Id	Tag	Priority	Name	Icon	StoryText	BackImage	EventImage	Effect	Flg	Se	Bgm	Anime	StImage	StImage	StFace	StFace	StPosi	StPosi	StTurn	StTurn
																			FALSE	FALSE
1			和羽		パパ、朝ごはん出来てるから起きて						track02								FALSE	FALSE
2			和羽の父		ん……？　ああ、おはよう一波						track02								FALSE	FALSE
3					パパは私の頭に手を伸ばして撫でる。こうすると気持ちよく目覚められるらしい。朝のルーティン。						track02			Pawn		Normal		Center	FALSE	FALSE
4					母親のいない我が家では、平日の家事は私の役割だ。						track02			Pawn		Normal		Center	FALSE	FALSE
5			和羽の父		ごめんな、一波。子供にお手伝いさんみたいな真似させちゃって						track02			Pawn		Normal		Center	FALSE	FALSE
6			和羽		それは言わない約束でしょ？						track02			Pawn		Normal		Center	FALSE	FALSE
7					どこかの時代劇のシーンみたいなやり取りを交わしつつ、てきぱきと朝の準備を進めていく。						track02			Pawn		Normal		Center	FALSE	FALSE
8			和羽の父		何だか最近は特に機嫌が良いね。学校は楽しい？						track02			Pawn		Normal		Center	FALSE	FALSE
9					知らずに似合わない鼻歌なんて歌っていたせいだろうか。パパが嬉しそうに聞いてくる。						track02			Pawn		Normal		Center	FALSE	FALSE
10			和羽		うん。学校は楽しい。その理由もハッキリ理解している。									Pawn		Normal		Center	FALSE	FALSE
11			和羽の父		……もしかして彼氏とか出来た……とか？						Reflect		Rain	Pawn	Normal	Normal	Right	Center	FALSE	FALSE
12					嬉しそうにしていたパパの表情が一瞬で凍りつき、恐る恐る彼氏の存在を探って来た。						Reflect		Rain	Pawn	Normal	Normal	Right	Center	FALSE	FALSE
13			和羽		んー。別に彼氏ではないかな						Reflect		Rain	Pawn	Normal	Normal	Right	Center	FALSE	FALSE
14					私の回答に安心したらしいパパは軽い足取りで仕事に出ていった。						Reflect		Rain	Pawn	Normal	Normal	Right	Center	FALSE	FALSE
15					その姿を見送りながら、私は						Reflect		Rain	Pawn	Normal	Normal	Right	Center	FALSE	FALSE
16			和羽		うん。恋人ではないかな。……まだね						Reflect		Rain	Pawn	Normal	Normal	Right	Center	FALSE	FALSE
17					ぼそっとそう呟く。						Reflect		Rain	Pawn	Normal	Normal	Right	Center	FALSE	FALSE
18					そして、登校する道中でその背中を見つけた。						Reflect		Rain	Pawn	Normal	Normal	Right	Center	FALSE	FALSE
19					私は走る。走ってその背中に追いつく。								Rain		Normal		Center		FALSE	FALSE
20					その背中に追いついて、私はこう言うんだ。						touge_no_mura		Rain		Normal		Center		FALSE	FALSE
21			和羽		おはよう七流						touge_no_mura		Rain		Normal		Center		FALSE	FALSE
