Id	Tag	Priority	Name	Icon	StoryText	BackImage	EventImage	Effect	Flg	Se	Bgm	Anime	StImage	StImage	StFace	StFace	StPosi	StPosi	StTurn	StTurn
																			TRUE	TRUE
1			マリウス		やあ、来てくれたね、レイン。	RedCave					PerituneMaterial_Suspense5		Marius	Rain			Left	Right	TRUE	TRUE
2			レイン		……先生。	RedCave					PerituneMaterial_Suspense5		Marius	Rain			Left	Right	TRUE	TRUE
3			マリウス		君の目的は……任務は分かっている。僕の始末だね？	RedCave					PerituneMaterial_Suspense5		Marius	Rain			Left	Right	TRUE	TRUE
4			レイン		はい……。	RedCave					PerituneMaterial_Suspense5		Marius	Rain			Left	Right	TRUE	TRUE
5			マリウス		いけないな、レイン。そんな覇気の無い剣では。まるでわざと負けにきているみたいだよ？	RedCave					PerituneMaterial_Suspense5		Marius	Rain			Left	Right	TRUE	TRUE
6			レイン		っ！？	RedCave					PerituneMaterial_Suspense5		Marius	Rain			Left	Right	TRUE	TRUE
7			マリウス		図星か。……困った弟子だな。	RedCave					PerituneMaterial_Suspense5		Marius	Rain			Left	Right	TRUE	TRUE
8			マリウス		レイン、義理堅い君が、養父のガルフ公の命令に逆らえないのは知っている。	RedCave					PerituneMaterial_Suspense5		Marius	Rain			Left	Right	TRUE	TRUE
9			マリウス		だけど、一方で僕にも義理を感じている。心優しい君は、自分を犠牲にすることを選んだんだろ？	RedCave					PerituneMaterial_Suspense5		Marius	Rain			Left	Right	TRUE	TRUE
10			レイン		……そんなことは……。	RedCave					PerituneMaterial_Suspense5		Marius	Rain			Left	Right	TRUE	TRUE
11			マリウス		でもね、レイン。それは無駄なんだ。僕にとって迷惑な話でしかない。	RedCave					PerituneMaterial_Suspense5		Marius	Rain			Left	Right	TRUE	TRUE
12			レイン		！？	RedCave					PerituneMaterial_Suspense5		Marius	Rain			Left	Right	TRUE	TRUE
13			マリウス		@player@とサラを人質に取られている僕は、どちらにしろ生き残る術はないんだ。	RedCave					PerituneMaterial_Suspense5		Marius	Rain			Left	Right	TRUE	TRUE
14			マリウス		つまり、僕は今、既に死んでいるのと同じ。君が気に病むことじゃない。	RedCave					PerituneMaterial_Suspense5		Marius	Rain			Left	Right	TRUE	TRUE
15			レイン		……ならば、先生はどうして私を待っていたのですか？	RedCave					PerituneMaterial_Suspense5		Marius	Rain			Left	Right	TRUE	TRUE
16			マリウス		それはね、君にどうしても頼みたいことがあったからだ。	RedCave					PerituneMaterial_Suspense5		Marius	Rain			Left	Right	TRUE	TRUE
17			マリウス		厚かましいとは思うけど、君以外に信頼できる人もいなくてね。\n一つ、冥途の土産ってことで頼めないかなぁ？	RedCave					PerituneMaterial_Suspense5		Marius	Rain			Left	Right	TRUE	TRUE
18			レイン		……先生の冗談は笑えないんですよ。……センスもありませんし……。	RedCave					PerituneMaterial_Suspense5		Marius	Rain			Left	Right	TRUE	TRUE
19			マリウス		ははは。こりゃ厳しいなぁ。\nでもね、頼みは本気なんだ。冗談なんかじゃない。	RedCave					PerituneMaterial_Suspense5		Marius	Rain			Left	Right	TRUE	TRUE
20			レイン		……何をすればいいんですか？	RedCave					PerituneMaterial_Suspense5		Marius	Rain			Left	Right	TRUE	TRUE
21			マリウス		ああ、たとえこのまま僕がガルフに殺されたとしても、子供たちが無事とは限らない。	RedCave					PerituneMaterial_Suspense5		Marius	Rain			Left	Right	TRUE	TRUE
22			マリウス		それに、アンダーワールドは子供が二人だけで生きていけるほど生易しいところじゃない。	RedCave					PerituneMaterial_Suspense5		Marius	Rain			Left	Right	TRUE	TRUE
23			マリウス		だから頼みたいんだ。二人の事を。\nあの子たちが一人前になるまで……。	RedCave					PerituneMaterial_Suspense5		Marius	Rain			Left	Right	TRUE	TRUE
24			レイン		……サラはアベル敗血症です。\n大人になるまで生きられるかどうか……。	RedCave					PerituneMaterial_Suspense5		Marius	Rain			Left	Right	TRUE	TRUE
25			マリウス		知ってるよ。\nそれなら、せめて命の限り安全に暮らさせてやってくれないか？	RedCave					PerituneMaterial_Suspense5		Marius	Rain			Left	Right	TRUE	TRUE
26			レイン		@player@はそれを黙って見守るような子ではありませんよ。\nおそらく、サラを救おうとするでしょう。	RedCave					PerituneMaterial_Suspense5		Marius	Rain			Left	Right	TRUE	TRUE
27			レイン		貴方と同じように探窟家となり、空の下を目指すでしょうね。\nサラを救うために、そして……。	RedCave					PerituneMaterial_Suspense5		Marius	Rain			Left	Right	TRUE	TRUE
28			レイン		貴方の無実を証明するために。	RedCave					PerituneMaterial_Suspense5		Marius	Rain			Left	Right	TRUE	TRUE
29			マリウス		……ああ、やっぱりそう思うかい？\n困ったな、一体誰に似たんだか……。	RedCave					PerituneMaterial_Suspense5		Marius	Rain			Left	Right	TRUE	TRUE
30			レイン		そうなれば、父は@player@を許さないでしょう。\nただの小銭稼ぎの探窟家ならともかく、空の下を目指すなら……。	RedCave					PerituneMaterial_Suspense5		Marius	Rain			Left	Right	TRUE	TRUE
31			マリウス		参ったなぁ……。\nあの子の勇敢さと家族思いなところは美点だけど、このままだと……。	RedCave					PerituneMaterial_Suspense5		Marius	Rain			Left	Right	TRUE	TRUE
32			レイン		……私が@player@に剣を教えます。\n自分の身を守れるように。	RedCave					PerituneMaterial_Suspense5		Marius	Rain			Left	Right	TRUE	TRUE
33			レイン		そして、@player@が留守の間は私が代わりにサラを守ります。	RedCave					PerituneMaterial_Suspense5		Marius	Rain			Left	Right	TRUE	TRUE
34			マリウス		……ありがとう。	RedCave					PerituneMaterial_Suspense5		Marius	Rain			Left	Right	TRUE	TRUE
35			マリウス		ああ、これでやっと心残りが無くなったよ。\n心の重しが無くなって、天に昇れそうな気分だよ。	RedCave					PerituneMaterial_Suspense5		Marius	Rain			Left	Right	TRUE	TRUE
36			レイン		……ですから、笑えないって言ってるじゃないですか……。	RedCave					PerituneMaterial_Suspense5		Marius	Rain			Left	Right	TRUE	TRUE
37			マリウス		いや、ごめんごめん。\n苦労ばかりかけるから、つい、気持ちを楽にさせてやりたくなってね。	RedCave					PerituneMaterial_Suspense5		Marius	Rain			Left	Right	TRUE	TRUE
38			レイン		まったくですよ、先生。\n貴方はいつも大変な役回りを押し付ける……。	RedCave					PerituneMaterial_Suspense5		Marius	Rain			Left	Right	TRUE	TRUE
39			マリウス		すまないね。じゃ、僕の遺体をガルフの元へ届ける役目、しっかり頼んだよ。	RedCave					PerituneMaterial_Suspense5		Marius	Rain			Left	Right	TRUE	TRUE
40			レイン		ひどい人だ。貴方は。	RedCave					PerituneMaterial_Suspense5		Marius	Rain			Left	Right	TRUE	TRUE
41			マリウス		ああ、そうだね。\nじゃ、天国のアイナの元へ行って、叱られて来ようかな。	RedCave					PerituneMaterial_Suspense5		Marius	Rain			Left	Right	TRUE	TRUE
42			レイン		……。	RedCave					PerituneMaterial_Suspense5		Marius	Rain			Left	Right	TRUE	TRUE
43			マリウス		さようなら、レイン。	RedCave					PerituneMaterial_Suspense5		Marius	Rain			Left	Right	TRUE	TRUE
44			レイン		さようなら先生。ありがとうございました！	RedCave					PerituneMaterial_Suspense5		Marius	Rain			Left	Right	TRUE	TRUE
					………															
					……															
					…															
