Id	Tag	Priority	Name	Icon	StoryText	BackImage	EventImage	Effect	Flg	Se	Bgm	Anime	StImage	StImage	StImage	StFace	StFace	StFace	StPosi	StPosi	StPosi	StTurn	StTurn	StTurn
																								
1			校内放送		ーーー全校生徒の皆さんにお伝えします……	Town					touge_no_mura													
2			校内放送		この学校は、あと３０日で廃校になります	Town					touge_no_mura													
3			校内放送		以前よりお知らせしていた通り、廃校と同時に、皆さんは自動的に卒業となります	Town					touge_no_mura													
4			校内放送		皆さん、後悔の無いよう、頑張って屋上を目指しましょう	Town					touge_no_mura													
5					無機質な校内放送が終わり、生徒たちのざわめきが戻る。	Town					touge_no_mura													
6			生徒A		ねぇどうする？　屋上を目指せってさ	Town					touge_no_mura		MobC	MobD					Left	Right		FALSE	FALSE	
7			生徒B		いやいやいや。意味分かんないし。何でわざわざ危険な思いをして屋上なんて目指さなきゃいけないっての？	Town					touge_no_mura		MobC	MobD					Left	Right		FALSE	FALSE	
8			生徒A		だよねぇ。うちらなんて２階に上がっただけで瞬殺されて終わりでしょ	Town					touge_no_mura		MobC	MobD					Left	Right		FALSE	FALSE	
9			生徒B		アンタなんて、昔、腕を切り落とされてビービー泣いてたしね	Town					touge_no_mura		MobC	MobD					Left	Right		FALSE	FALSE	
10			生徒A		いや、そりゃ泣くでしょ。アンタだって中学の頃、頭潰されて校庭に投げ落とされてたじゃん	Town					touge_no_mura		MobC	MobD					Left	Right		FALSE	FALSE	
11			生徒B		懐かしいねぇ。昔はこんな退屈な学校、早く抜け出してやるって思って屋上を目指したり霧をさ迷ったりしたっけね	Town					touge_no_mura		MobC	MobD					Left	Right		FALSE	FALSE	
12			生徒A		今じゃそんな酔狂な人間、あの退学部の連中くらいなものでしょ	Town					touge_no_mura		MobC	MobD					Left	Right		FALSE	FALSE	
13			生徒B		だーね。あんなクレイジーにはなりたくないね。何を必死になって屋上なんて目指すのやら	Town					touge_no_mura		MobC	MobD					Left	Right		FALSE	FALSE	
14			生徒A		あと30日で卒業なのにさ……	Town					touge_no_mura		MobC	MobD					Left	Right		FALSE	FALSE	
15			七流		さて退学部の皆。知っての通り、僕らに残された時間は少ない	Town					touge_no_mura		Nanaru			Normal			Center					
16			二湖		何だよ、七流。急に部長権限で集合かけやがって	Town					touge_no_mura		Nanaru		Niko	Normal	Normal	Normal	Left	Center	Right	TRUE	FALSE	FALSE
17			一波		時間が少ない……って、廃校の話？	Town					touge_no_mura		Nanaru	Kazuha	Niko	Normal	Normal	Normal	Left	Center	Right	TRUE	FALSE	FALSE
18			七流		その通り。この学校は来月１日……つまり、あと３０日で廃校になる	Town					touge_no_mura		Nanaru	Kazuha	Niko	Normal	Normal	Normal	Left	Center	Right	TRUE	FALSE	FALSE
19			五澄		それは分かってるけど、それで部員を集めてどうするつもりなんスか？　パイセン	Town					touge_no_mura		Nanaru	Izumi	Niko	Normal	Normal	Normal	Left	Center	Right	TRUE	FALSE	FALSE
20			七流		良い質問だ。廃校まで、つまり僕らの活動のリミットは３０日。そこで……	Town					touge_no_mura		Nanaru	Izumi	Niko	Normal	Normal	Normal	Left	Center	Right	TRUE	FALSE	FALSE
21			七流		本日より、僕ら退学部は活動強化月間とする！	Town					touge_no_mura		Nanaru	Izumi	Niko	Normal	Normal	Normal	Left	Center	Right	TRUE	FALSE	FALSE
22			八江		ええ～。もう終わるのに、なんでそんな暑苦しい企画立てるの？	Town					touge_no_mura		Nanaru	Izumi	Yae	Normal	Normal	Normal	Left	Center	Right	TRUE	FALSE	FALSE
23			七流		八江、僕ら退学部の目標は何だい？	Town					touge_no_mura		Nanaru	Izumi	Yae	Normal	Normal	Normal	Left	Center	Right	TRUE	FALSE	FALSE
24			八江		え？　それは退学することでしょ？　あと、屋上に出ること？	Town					touge_no_mura		Nanaru	Izumi	Yae	Normal	Normal	Normal	Left	Center	Right	TRUE	FALSE	FALSE
25			七流		そうだ。そしてそのための活動内容とは何だ？　はい、四帆	Town					touge_no_mura		Nanaru	Izumi	Yae	Normal	Normal	Normal	Left	Center	Right	TRUE	FALSE	FALSE
26			四帆		えっと……校舎に入って上の階に登っていくこと？	Town					touge_no_mura		Nanaru	Shiho	Yae	Normal	Normal	Normal	Left	Center	Right	TRUE	FALSE	FALSE
27			七流		そう。その通りだ。しかし！　しかしだ、君達！	Town					touge_no_mura		Nanaru	Shiho	Yae	Normal	Normal	Normal	Left	Center	Right	TRUE	FALSE	FALSE
28			七流		三沙。先月の君の活動参加日数を言ってみなさい	Town					touge_no_mura		Nanaru	Shiho	Yae	Normal	Normal	Normal	Left	Center	Right	TRUE	FALSE	FALSE
29			三沙		え？　……２日……いや１日？	Town					touge_no_mura		Nanaru	Shiho	Misa	Normal	Normal	Normal	Left	Center	Right	TRUE	FALSE	FALSE
30			七流		六海は先月は１日も参加してなかった……。むしろ部屋から殆ど部屋から出てなかった	Town					touge_no_mura		Nanaru	Shiho	Misa	Normal	Normal	Normal	Left	Center	Right	TRUE	FALSE	FALSE
31			六海		あはは……。そうだったっけ？　でも、皆だって似たり寄ったりではないかね？	Town					touge_no_mura		Nanaru	Shiho	Misa	Normal	Normal	Normal	Left	Center	Right	TRUE	FALSE	FALSE
32			四帆		だって、やっぱり魔物とか怖いし……	Town					touge_no_mura		Nanaru	Shiho	Misa	Normal	Normal	Normal	Left	Center	Right	TRUE	FALSE	FALSE
33			二湖		もう何年もチャレンジしてるのに、１０階にだって到達できてないしなぁ	Town					touge_no_mura		Nanaru	Shiho	Niko	Normal	Normal	Normal	Left	Center	Right	TRUE	FALSE	FALSE
34			三沙		そもそも、屋上に行けばこの学校から抜け出せる……退学できるって話も、ただの都市伝説でしかないし	Town					touge_no_mura		Nanaru	Shiho	Misa	Normal	Normal	Normal	Left	Center	Right	TRUE	FALSE	FALSE
35			八江		それにぃ、退学したら良い事が起こるは限らないんじゃない？　普通は卒業した方が幸せになれるよね？	Town					touge_no_mura		Nanaru	Yae	Misa	Normal	Normal	Normal	Left	Center	Right	TRUE	FALSE	FALSE
36			七流		でもこの学校は普通じゃないでしょ？　隔離されて大人がいない学校なんて、聞いたことが無いよ	Town					touge_no_mura		Nanaru	Yae	Misa	Normal	Normal	Normal	Left	Center	Right	TRUE	FALSE	FALSE
37			六海		それはまぁ、確かに。卒業したらあの霧の向こうに連れて行かれるって言うのも、何か不気味だし	Town					touge_no_mura		Nanaru	Yae	Mutsumi	Normal	Normal	Normal	Left	Center	Right	TRUE	FALSE	FALSE
38			五澄		俺は構わないっすよ。最後に一花咲かせるってのも悪くないし、退学ってのもワルっぽくていいっすね	Town					touge_no_mura		Nanaru	Izumi	Mutsumi	Normal	Normal	Normal	Left	Center	Right	TRUE	FALSE	FALSE
39			七流		はぁぁ～。君はなんて良い子なんだ五澄	Town					touge_no_mura		Nanaru	Izumi	Mutsumi	Normal	Normal	Normal	Left	Center	Right	TRUE	FALSE	FALSE
40			五澄		ちょっとパイセン！　頭撫でるのやめてくれってば！	Town					touge_no_mura		Nanaru	Izumi	Mutsumi	Normal	Normal	Normal	Left	Center	Right	TRUE	FALSE	FALSE
41			四帆		あ！　ずるいずるい！　四帆だって、ちゃんとやるもん。ね、七流ちゃん！	Town					touge_no_mura		Nanaru	Izumi	Shiho	Normal	Normal	Normal	Left	Center	Right	TRUE	FALSE	FALSE
42			七流		うんうん。四帆も良い子だよ。ほら、なでなで	Town					touge_no_mura		Nanaru	Izumi	Shiho	Normal	Normal	Normal	Left	Center	Right	TRUE	FALSE	FALSE
43			四帆		えへへ。四帆、頑張るからね！	Town					touge_no_mura		Nanaru	Izumi	Shiho	Normal	Normal	Normal	Left	Center	Right	TRUE	FALSE	FALSE
44			八江		あ、わーたーしーもーわーたーしーもー。ナナちゃん、なでなでしてよ～、体中～	Town					touge_no_mura		Nanaru	Yae	Shiho	Normal	Normal	Normal	Left	Center	Right	TRUE	FALSE	FALSE
45			七流		うん、却下だよ。だけど強化月間に参加してくれるのはありがとうね、八江	Town					touge_no_mura		Nanaru	Yae	Shiho	Normal	Normal	Normal	Left	Center	Right	TRUE	FALSE	FALSE
46			八江		うわぁーん。ご褒美なしなんてひどいよナナちゃーん。でも好き～	Town					touge_no_mura		Nanaru	Yae	Shiho	Normal	Normal	Normal	Left	Center	Right	TRUE	FALSE	FALSE
47			一波		私は……七流がそうしたいのなら構わない。卒業も退学も、私にとっては同じだから	Town					touge_no_mura		Nanaru	Kazuha	Shiho	Normal	Normal	Normal	Left	Center	Right	TRUE	FALSE	FALSE
48			七流		そっか。でも同じじゃないよ。退学できれば僕らはきっと一緒にいられる	Town					touge_no_mura		Nanaru	Kazuha	Shiho	Normal	Normal	Normal	Left	Center	Right	TRUE	FALSE	FALSE
49			一波		……嘘つき。でも、騙されてあげるよ	Town					touge_no_mura		Nanaru	Kazuha	Shiho	Normal	Normal	Normal	Left	Center	Right	TRUE	FALSE	FALSE
50			二湖		何だ何だお前ら。揃いも揃って七流大好きクラブかよ。ったく……	Town					touge_no_mura		Nanaru	Kazuha	Niko	Normal	Normal	Normal	Left	Center	Right	TRUE	FALSE	FALSE
51			七流		……二湖。君は来てくれないの？　ダメ？	Town					touge_no_mura		Nanaru	Kazuha	Niko	Normal	Normal	Normal	Left	Center	Right	TRUE	FALSE	FALSE
52			二湖		あーもー！　分かった分かった。アタシの負けだよ。急にしおらしい態度取るな	Town					touge_no_mura		Nanaru	Kazuha	Niko	Normal	Normal	Normal	Left	Center	Right	TRUE	FALSE	FALSE
53			三沙		こうなった七流が引き下がるわけないじゃん。変なところで頑固なんだから	Town					touge_no_mura		Nanaru	Kazuha	Misa	Normal	Normal	Normal	Left	Center	Right	TRUE	FALSE	FALSE
54			七流		分かってるじゃないか、三沙。いつもは猫みたいに気まぐれな君だけど、今回は逃がさないよ	Town					touge_no_mura		Nanaru	Kazuha	Misa	Normal	Normal	Normal	Left	Center	Right	TRUE	FALSE	FALSE
55			三沙		はいはい。ちゃんと付き合うよ、最後くらいはね	Town					touge_no_mura		Nanaru	Kazuha	Misa	Normal	Normal	Normal	Left	Center	Right	TRUE	FALSE	FALSE
56			六海		これだけメンバーがいるならワタシは引きこもってても……	Town					touge_no_mura		Nanaru	Kazuha	Mutsumi	Normal	Normal	Normal	Left	Center	Right	TRUE	FALSE	FALSE
57			七流		六海……	Town					touge_no_mura		Nanaru	Kazuha	Mutsumi	Normal	Normal	Normal	Left	Center	Right	TRUE	FALSE	FALSE
58			六海		……はい。参加するからそんな目で見ないでくれないか？	Town					touge_no_mura		Nanaru	Kazuha	Mutsumi	Normal	Normal	Normal	Left	Center	Right	TRUE	FALSE	FALSE
59			七流		ふふ。ありがとう。そんなに無理させないから心配しないで	Town					touge_no_mura		Nanaru	Kazuha	Mutsumi	Normal	Normal	Normal	Left	Center	Right	TRUE	FALSE	FALSE
60			七流		さて。それじゃあ、皆参加するってことで決まりだね！	Town					touge_no_mura		Nanaru	Kazuha	Mutsumi	Normal	Normal	Normal	Left	Center	Right	TRUE	FALSE	FALSE
61			二湖		オーケー。今さら反故にしたりしないって	Town					touge_no_mura		Nanaru	Kazuha	Niko	Normal	Normal	Normal	Left	Center	Right	TRUE	FALSE	FALSE
62			七流		皆、今日は作戦会議の後、早速明日から校舎の攻略を開始するよ	Town					touge_no_mura		Nanaru	Kazuha	Niko	Normal	Normal	Normal	Left	Center	Right	TRUE	FALSE	FALSE
63			五澄		了解っす！	Town					touge_no_mura		Nanaru	Izumi	Niko	Normal	Normal	Normal	Left	Center	Right	TRUE	FALSE	FALSE
64			七流		それじゃあ、退学部。活動スタートだ！	Town					touge_no_mura		Nanaru	Izumi	Niko	Normal	Normal	Normal	Left	Center	Right	TRUE	FALSE	FALSE
