Id	Tag	Priority	Name	Icon	StoryText	BackImage	EventImage	Effect	Flg	Se	Bgm	Anime	StImage	StImage	StFace	StFace	StPosi	StPosi	StTurn	StTurn
																				
			サラ		……がふっ！　…がふっ！	Home					PerituneMaterial_Pray		Ricerca	Sara		Sad	Left	Right	FALSE	FALSE
			リチェルカ		あああ、しっかりしてサラ！\n血を吐き出すのよ！	Home					PerituneMaterial_Pray		Ricerca	Sara		Sad	Left	Right	FALSE	FALSE
					@player@が塔から帰った時、そこには血の凍るような恐ろしい光景が飛び込んできた。	Home					PerituneMaterial_Pray		Ricerca	Sara		Sad	Left	Right	FALSE	FALSE
					床に広がる血、苦しそうに暴れるサラ、それを抑えるリチェルカ。	Home					PerituneMaterial_Pray		Ricerca	Sara		Sad	Left	Right	FALSE	FALSE
					@player@の姿に気がついたリチェルカが絶叫した。	Home					PerituneMaterial_Pray		Ricerca	Sara		Sad	Left	Right	FALSE	FALSE
			リチェルカ		@player@！　そこのカバンにある黄色い根っこを煎じて持ってきて！　早く！	Home					PerituneMaterial_Pray		Ricerca	Sara		Sad	Left	Right	FALSE	FALSE
					言われるがままに急いでそれを煎じた薬を持っていくと、ちょうどサラが吐血と嘔吐を繰り返し、荒い息を整えているところだった。	Home					PerituneMaterial_Pray		Ricerca	Sara		Sad	Left	Right	FALSE	FALSE
					……それでも、@player@の姿に気がつくとニッコリと笑顔を作った。	Home					PerituneMaterial_Pray		Ricerca	Sara		Smile	Left	Right	FALSE	TRUE
					『おかえりなさい』\n声にならない言葉を伝えるように。	Home					PerituneMaterial_Pray		Ricerca	Sara		Smile	Left	Right	FALSE	TRUE
					@player@が煎じてきた薬を飲ませ、何か言おうとするサラを無理やり横にさせて休ませた。	Home					PerituneMaterial_Pray		Ricerca	Sara		Smile	Left	Right	FALSE	TRUE
					そして、そのうち静かな寝息を立て始めたところで、やっと二人は息をつく。	Home					PerituneMaterial_Pray		Ricerca				Center	Right	FALSE	TRUE
					……。	Home					PerituneMaterial_Pray		Ricerca				Center		FALSE	TRUE
			リチェルカ		まずいね。今までの薬じゃもう効き目が薄くなってる。	Home					PerituneMaterial_Pray		Ricerca				Center		FALSE	TRUE
			リチェルカ		それに、さっきみたいな強い発作は滅多に起こらないだろうけど、確実に発作のスパンは短くなってるし、強くなってる。	Home					PerituneMaterial_Pray		Ricerca				Center		FALSE	TRUE
			リチェルカ		高い薬？　そりゃ、あるにはあるけど、なかなか手に入らないんだよ。金の問題じゃない。	Home					PerituneMaterial_Pray		Ricerca				Center		FALSE	TRUE
			リチェルカ		今のペースで発作が起こってたら、アタシのストックだけじゃ足りない。\n……いや、市場にある分を確保しても足りなくなる。	Home					PerituneMaterial_Pray		Ricerca				Center		FALSE	TRUE
			リチェルカ		それに、いつ悪化してこの薬も効かなくなるか、さらに発作のスパンが短くなるか、誰にも分からないんだ。	Home					PerituneMaterial_Pray		Ricerca				Center		FALSE	TRUE
			リチェルカ		……。	Home					PerituneMaterial_Pray		Ricerca				Center		FALSE	TRUE
			リチェルカ		ま、散々脅した後でなんだけど、別に今すぐどうにかなるわけじゃないよ。\n別に寝たきりで過ごす必要も無いさ。	Home					PerituneMaterial_Pray		Ricerca				Center		FALSE	TRUE
			リチェルカ		でも、そんなに時間が残されてないのも事実だ。	Home					PerituneMaterial_Pray		Ricerca				Center		FALSE	TRUE
			リチェルカ		決断するなら今だよ。『空の下』を信じて、このまま進み続けるか、それとも立ち止まって、最後までこの子の側にいてやるか。	Home					PerituneMaterial_Pray		Ricerca				Center		FALSE	TRUE
			リチェルカ		……。	Home							Ricerca				Center		FALSE	TRUE
			リチェルカ		……そっか。	Home					touge_no_mura		Ricerca				Center		FALSE	TRUE
			リチェルカ		それがアンタの答えなら、反対したりしないよ。\n正しかったかどうかは、最後にアンタ達が決めればいいさ。	Home					touge_no_mura		Ricerca				Center		FALSE	TRUE
			リチェルカ		さて、と。	Home					touge_no_mura		Ricerca				Center		FALSE	TRUE
			リチェルカ		じゃ、サラの目が醒める前に、今日はアタシが料理してやろうじゃないか！	Home					touge_no_mura		Ricerca				Center		FALSE	TRUE
			リチェルカ		一発で元気になるような、スペッシャルな料理をさ！	Home					touge_no_mura		Ricerca				Center		FALSE	TRUE
					……@player@は嫌な記憶を思い出していた。	Home					touge_no_mura		Ricerca				Center		FALSE	TRUE
					……たしかリチェルカの料理って……。	Home					touge_no_mura		Ricerca				Center		FALSE	TRUE
					………															
					……															
					…															
