Id	Tag	Priority	Name	Icon	StoryText	BackImage	EventImage	Effect	Flg	Se	Bgm	Anime	StImage	StImage	StFace	StFace	StPosi	StPosi	StTurn	StTurn
																				
			レイン		@player@、サラ、いるか？	Home					touge_no_mura			Rain			Left	Right	FALSE	TRUE
			サラ		いらっしゃいませ、レイン様。\nこんなところにわざわざお越しいただいて……。	Home					touge_no_mura		Sara	Rain			Left	Right	FALSE	TRUE
			レイン		連絡もなしに突然やって来て悪いね、二人とも。\n実は……。	Home					touge_no_mura		Sara	Rain			Left	Right	FALSE	TRUE
			？？？		よい、レイン。\n自己紹介させてもらおうではないか。	Home					touge_no_mura		Sara	Rain			Left	Right	FALSE	TRUE
					貫禄のある重い雰囲気とともに姿を現したその人物は……。	Home							Sara	Rain			Left	Right	FALSE	TRUE
			サラ		ガルフ…様……。	Home					track02		Sara	Galf	Sad		Left	Right	FALSE	FALSE
					この地下世界唯一の街、アンダーワールドの頂点に座する権力者、ガルフ本人であった。	Home					track02		Sara	Galf	Sad		Left	Right	FALSE	FALSE
			ガルフ		私のことは知っているだろうが、こうして会うのは初めてかな。マリウスの子らよ。	Home					track02		Sara	Galf	Sad		Left	Right	FALSE	FALSE
					四賢公の一人にして純血の天使。レインの養父。\nそして、@player@たちの父、マリウスを断罪した人物。	Home					track02		Sara	Galf	Sad		Left	Right	FALSE	FALSE
					かつて四賢公の一人で、ガルフと同じく純血の天使であったシュヴァイク公。数年前、彼が何者かに殺害された。	Home					track02		Sara	Galf	Sad		Left	Right	FALSE	FALSE
					当時、彼と交流のあったマリウスがその容疑者として挙げられ、ガルフによってその容疑は事実と断定された。	Home					track02		Sara	Galf	Sad		Left	Right	FALSE	FALSE
					もちろんマリウスと交流のあった人間はそれを信じてなどいないが、この街でガルフの言葉に大っぴらに異を唱えるものはいない。	Home					track02		Sara	Galf	Sad		Left	Right	FALSE	FALSE
					以来、マリウスは天使殺しの逆賊として扱われ、その子らは迫害されることとなった。	Home					track02		Sara	Galf	Sad		Left	Right	FALSE	FALSE
					ガルフとは、@player@兄妹にとって、そんな因縁浅からぬ存在。	Home					track02		Sara	Galf	Sad		Left	Right	FALSE	FALSE
					それがわざわざ彼らを訪ねてきたということで、二人に緊張が走るのも無理からぬことであった。	Home					track02		Sara	Galf	Sad		Left	Right	FALSE	FALSE
			サラ		こ……このような場所に……どのような御用向きでおいでくださったのでしょうか？	Home					track02		Sara	Galf	Sad		Left	Right	FALSE	FALSE
			ガルフ		ふん。このような場所？\n私がどこに行こうが勝手ではないかね？　この街は全て私の治める土地なのだからな。	Home					track02		Sara	Galf	Sad		Left	Right	FALSE	FALSE
			サラ		も……申し訳ありません！\nそのようなつもりでは……。	Home					track02		Sara	Galf	Sad		Left	Right	FALSE	FALSE
			ガルフ		この世界の全ては私のもの。\nこの土地も家も、私からの贈り物であると覚えておくがいい。	Home					track02		Sara	Galf	Sad		Left	Right	FALSE	FALSE
			ガルフ		あの逆賊マリウスの子が生きていけるのも、この私の慈悲によるものだと感謝すべきだ。	Home					track02		Sara	Galf	Sad		Left	Right	FALSE	FALSE
			サラ		……はい。申し訳ございません。	Home					track02		Sara	Galf	Sad		Left	Right	FALSE	FALSE
			ガルフ		ん？　……何だ小僧、その目は？\n確か@player@とか言ったか。	Home					track02		Sara	Galf	Sad		Left	Right	FALSE	FALSE
			ガルフ		気に入らん目つきだ。マリウスによく似ている。\n犯罪者の目だ。	Home					track02		Sara	Galf	Sad		Left	Right	FALSE	FALSE
			レイン		父上、ご公務の時間が押しております。\nどうか些事でいたずらにお時間を取られませんよう……。	Home					track02		Sara	Galf	Sad		Left	Right	FALSE	FALSE
			ガルフ		うむ。分かっておる。\n最近活躍しているという探窟家がどのような者かと興味本位で見に来ただけだ。	Home					track02		Sara	Galf	Sad		Left	Right	FALSE	FALSE
			ガルフ		しかもそれがあのマリウスの子だと言うではないか。\n気になっても仕方ないというものだ。	Home					track02		Sara	Galf	Sad		Left	Right	FALSE	FALSE
			サラ		………。	Home					track02		Sara	Galf	Sad		Left	Right	FALSE	FALSE
			ガルフ		では戻るとするか。\n……ああ、そうだ、小僧。	Home					track02		Sara	Galf	Sad		Left	Right	FALSE	FALSE
			ガルフ		いいか、『空の下』などという夢物語に惑わされるな。\n堅実に塔からジェムや遺物を持ち帰り、街の発展に寄与することだけを考えるのだ。	Home					track02		Sara	Galf	Sad		Left	Right	FALSE	FALSE
			ガルフ		そうすることで、マリウスの罪も少しは軽くなるだろう。\nそれが子の役目であろう。	Home					track02		Sara	Galf	Sad		Left	Right	FALSE	FALSE
			ガルフ		さて、レインよ。このままアベルの塔への門を視察しに行くぞ。	Home					track02		Sara	Galf	Sad		Left	Right	FALSE	FALSE
			レイン		はっ！　この十年ほどは門が破られることもなく、悪魔が街に侵入した形跡もありません。	Home					track02		Sara	Galf	Sad		Left	Right	FALSE	FALSE
			ガルフ		しっかり頼むぞ。\n私の街が悪魔に蹂躙されるなど許されんからな。	Home					track02		Sara	Galf	Sad		Left	Right	FALSE	FALSE
			レイン		承知しております。	Home					track02		Sara	Galf	Sad		Left	Right	FALSE	FALSE
					アンダーワールドのNo1とNo2が去っていく。静寂と暗い空気だけを残して。	Home							Sara		Sad		Center	Right	TRUE	TRUE
					………。	Home					PerituneMaterial_Pray		Sara		Sad		Center	Right	TRUE	TRUE
			サラ		……天使って何かな？　兄さん。	Home					PerituneMaterial_Pray		Sara		Sad		Center	Right	TRUE	TRUE
			サラ		ガルフ様は純血の天使なんだよね？\n天使の決定だから、父さんは罪人って決めつけられてるんだよね！？	Home					PerituneMaterial_Pray		Sara		Sad		Center	Right	TRUE	TRUE
			サラ		……悔しいよ、兄さん。\nあんな人のせいで父さんは酷いこといっぱい言われて……。	Home					PerituneMaterial_Pray		Sara		Sad		Center	Right	TRUE	TRUE
			サラ		だけど天使だからって誰も逆らえなくて！\nおとぎ話の天使はもっと優しいはずなのに！	Home					PerituneMaterial_Pray		Sara		Sad		Center	Right	TRUE	TRUE
			サラ		悔しいよ、兄さん……。	Home					PerituneMaterial_Pray		Sara		Sad		Center	Right	TRUE	TRUE
					サラは@player@の胸で泣きじゃくった。\n父を悪く言われたこと、それに逆らえない自分の弱さ、そしてこの街の理不尽さ。	Home					PerituneMaterial_Pray		Sara		Sad		Center	Right	TRUE	TRUE
					その全てを嘆き、疲れ果てるまで泣き続けていた……。	Home					PerituneMaterial_Pray		Sara		Sad		Center	Right	TRUE	TRUE
					………															
					……															
					…															
