Id	Tag	Priority	Name	Icon	StoryText	BackImage	EventImage	Effect	Flg	Se	Bgm	Anime	StImage	StImage	StFace	StFace	StPosi	StPosi	StTurn	StTurn
																				
1			サラ		（うう……緊張するなぁ）	Town							Sara		Sad		Center		FALSE	FALSE
2			サラ		（でも、やらなきゃ。兄さんがあんなに必死になってくれてるんだもの。私だって……）	Town							Sara		Angry		Center		FALSE	FALSE
3					サラは一人、街にある市場へやってきていた。	Town							Sara		Angry		Center		FALSE	FALSE
4					普段、一人で来ることは止められていた。\n市場は人と物と金の集まる場所。あまり治安がいいとは言えないからだ。	Town							Sara		Angry		Center		FALSE	FALSE
5					だが、サラはここへ目的を持って、一人で来た。	Town							Sara		Angry		Center		FALSE	FALSE
6			サラ		あ……あの！	Town							Sara		Normal		Center		FALSE	FALSE
7			下品な店主		あん、なんだい嬢ちゃん？	Town					track02		Sara	Silhouette_01	Normal		Left	Right	FALSE	FALSE
8			サラ		すみません。あの、少し教えてほしいことがあるんですが……。	Town					track02		Sara	Silhouette_01	Normal		Left	Right	FALSE	FALSE
9			下品な店主		……へぇ、嬢ちゃん、ずいぶんと別嬪さんじゃねぇの。	Town					track02		Sara	Silhouette_01	Normal		Left	Right	FALSE	FALSE
10			サラ		……え？	Town					track02		Sara	Silhouette_01	Sad		Left	Right	FALSE	FALSE
11			下品な店主		あれだろ？　市場にまで客引きに来た娼婦さんだろ？　	Town					track02		Sara	Silhouette_01	Sad		Left	Right	FALSE	FALSE
12			サラ		い……いえ、違います！	Town					track02		Sara	Silhouette_01	Sad		Left	Right	FALSE	FALSE
13			下品な店主		おいおい、もったいぶらなくてもいいだろ？\nいくらだい？　俺もそれなりに金くらい持ってんだ。	Town					track02		Sara	Silhouette_01	Sad		Left	Right	FALSE	FALSE
14			横暴な女将		待ちな！　アンタ。	Town					track02		Sara	Silhouette_02	Sad		Left	Right	FALSE	FALSE
15			下品な店主		げっ！　かぁちゃん。	Town					track02		Sara	Silhouette_02	Sad		Left	Right	FALSE	FALSE
16			横暴な女将		仕事中に娼婦なんかに声かけてんじゃないよ！？　刺身にしてやろうか！？	Town					track02		Sara	Silhouette_02	Sad		Left	Right	FALSE	FALSE
17			下品な店主		……ち、違うって！　その女が勝手に声かけてきただけだって！\n俺は真面目にやってるからよ！	Town					track02		Sara	Silhouette_02	Sad		Left	Right	FALSE	FALSE
18			横暴な女将		ふん。どうだか。……それにその小娘…。	Town					track02		Sara	Silhouette_02	Sad		Left	Right	FALSE	FALSE
19			横暴な女将		あのマリウスの娘じゃないのかい？\n下手に関わると役人に目ぇつけられるよ？	Town					track02		Sara	Silhouette_02	Sad		Left	Right	FALSE	FALSE
20			下品な店主		えぇ！？　あの逆賊マリウスの？	Town					track02		Sara	Silhouette_02	Sad		Left	Right	FALSE	FALSE
21			サラ		ッツ！	Town					track02		Sara	Silhouette_02	Sad		Left	Right	FALSE	FALSE
22			横暴な女将		そうだよ。どんなに小綺麗な顔してたって、中身は真っ黒。\n呪われた血が流れてるのさ。	Town					track02		Sara	Silhouette_02	Sad		Left	Right	FALSE	FALSE
23			下品な店主		しかし犯罪者の娘がこれまでよく生き残ってこれたもんだな。\n親もいないのに。	Town					track02		Sara	Silhouette_02	Sad		Left	Right	FALSE	FALSE
24			横暴な女将		アンタ、噂じゃ兄貴に食わせてもらってるんだろ？	Town					track02		Sara	Silhouette_02	Sad		Left	Right	FALSE	FALSE
25			横暴な女将		アンタと同じくらいの年の子が、自分の体でどうにか食ってるご時世にいいご身分だね！	Town					track02		Sara	Silhouette_02	Sad		Left	Right	FALSE	FALSE
26			サラ		そんな……こと……。	Town					track02		Sara	Silhouette_02	Sad		Left	Right	FALSE	FALSE
27			横暴な女将		それに四賢公のレイン様にも目をかけてもらってるって話じゃないか。\nアンタたちみたいな孤児に。	Town					track02		Sara	Silhouette_02	Sad		Left	Right	FALSE	FALSE
28			横暴な女将		ハン、確かに可愛らしい顔してるからね。アンタの兄貴もレイン様も放っておけないだろうさ。	Town					track02		Sara	Silhouette_02	Sad		Left	Right	FALSE	FALSE
29			横暴な女将		きっとアンタの色目にやられて歪んだ欲情を隠してるのよ。	Town					track02		Sara	Silhouette_02	Sad		Left	Right	FALSE	FALSE
30			サラ		……めて。	Town					track02		Sara	Silhouette_02	Sad		Left	Right	FALSE	FALSE
31			横暴な女将		あん？	Town					track02		Sara	Silhouette_02	Sad		Left	Right	FALSE	FALSE
32			サラ		やめて！　兄さんたちのことまで悪く言わないで！	Town					track02		Sara	Silhouette_02	Sad		Left	Right	FALSE	FALSE
33			横暴な女将		なんだい、急に興奮しだしちゃって！\n雌犬らしく大人しく躾（しつ）けてやろうか！？	Town					track02		Sara	Silhouette_02	Sad		Left	Right	FALSE	FALSE
34			？？		コラァーーー！！	Town							Sara	Silhouette_02	Sad		Left	Right	FALSE	FALSE
35			サラ		！？	Town							Sara	Silhouette_02			Left	Right	FALSE	FALSE
36			リチェルカ		そこまでにしなよ。大人げないよ、オバちゃん。	Town					touge_no_mura		Ricerca	Silhouette_02			Left	Right	FALSE	FALSE
37			サラ		リチェルカ……。	Town					touge_no_mura		Ricerca	Silhouette_02			Left	Right	FALSE	FALSE
38			横暴な女将		アンタに関係ないだろ、リチェルカ。引っ込んでな。	Town					touge_no_mura		Ricerca	Silhouette_02			Left	Right	FALSE	FALSE
39			リチェルカ		落ち着きなってば。\nそれ以上やるならシャレにならなくなるって、アンタも分かるでしょ、オバちゃん。	Town					touge_no_mura		Ricerca	Silhouette_02			Left	Right	FALSE	FALSE
40			横暴な女将		何だって？	Town					touge_no_mura		Ricerca	Silhouette_02			Left	Right	FALSE	FALSE
41			リチェルカ		アンタが言ったんじゃないか。この子らがレイン様に目をかけてもらってるって。	Town					touge_no_mura		Ricerca	Silhouette_02			Left	Right	FALSE	FALSE
42			リチェルカ		レイン様はこの世界の実質ナンバー２だよ？\nそれを怒らせようなんて度胸あるね。	Town					touge_no_mura		Ricerca	Silhouette_02			Left	Right	FALSE	FALSE
43			横暴な女将		いや……ちょっと待ちなよ、リチェルカ。からかっただけさね。\n本気じゃないさ。	Town					touge_no_mura		Ricerca	Silhouette_02			Left	Right	FALSE	FALSE
44			リチェルカ		何がつい、だっての。\nいいからさっさと消えろって！　でないと今度はアタシがキレるよ！？	Town					touge_no_mura		Ricerca	Silhouette_02			Left	Right	FALSE	FALSE
45			横暴な女将		ちょ！　分かった！　アタシが悪かった、消えるから許してちょうだいよ。\nそれじゃあね！	Town					touge_no_mura		Ricerca	Silhouette_02			Left	Right	FALSE	FALSE
46			サラ		……あ…。	Town					touge_no_mura		Ricerca				Left	Right	FALSE	FALSE
47			リチェルカ		サラ、大丈夫？	Town					touge_no_mura		Ricerca				Left	Right	FALSE	FALSE
48			サラ		リチェルカ……うん、ありが……アイッタァ！	Town					touge_no_mura		Ricerca	Sara		Normal	Left	Right	FALSE	FALSE
49					苦笑いして礼を言おうとしたサラの頭を、容赦のない手刀が襲った。	Town					touge_no_mura		Ricerca	Sara		Normal	Left	Right	FALSE	FALSE
50			リチェルカ		こんの馬鹿！　馬鹿！　馬鹿サラ！\n何で一人で市場になんて来ちゃうのよ！　危ないでしょ！	Town					touge_no_mura		Ricerca	Sara		Normal	Left	Right	FALSE	FALSE
51			サラ		だって……。	Town					touge_no_mura		Ricerca	Sara		Sad	Left	Right	FALSE	FALSE
52			リチェルカ		だって、何よ？\n買い物したいのならアタシに言えばいいでしょ？\n使いっ走りくらいしてやるわよ。	Town					touge_no_mura		Ricerca	Sara		Sad	Left	Right	FALSE	FALSE
53			サラ		うん。……ありがとう。\nいつも助かってるよ。	Town					touge_no_mura		Ricerca	Sara		Sad	Left	Right	FALSE	FALSE
54			リチェルカ		だったら、今日はどうして一人で市場に来たの？	Town					touge_no_mura		Ricerca	Sara		Sad	Left	Right	FALSE	FALSE
55			リチェルカ		アンタ達の責任ではないとはいえ、自分達の評判は知ってるでしょ？	Town					touge_no_mura		Ricerca	Sara		Sad	Left	Right	FALSE	FALSE
56			サラ		……兄さんがアベルの塔で必死に頑張ってるから、私も何かしなきゃって思って……。	Town					touge_no_mura		Ricerca	Sara		Sad	Left	Right	FALSE	FALSE
57			リチェルカ		なるほど。自分だけ家でじっと待ってるのが落ち着かないのね。	Town					touge_no_mura		Ricerca	Sara		Sad	Left	Right	FALSE	FALSE
58			サラ		私、兄さんやみんなに助けてもらってばかりだから……。\n何かできないかって思って。	Town					touge_no_mura		Ricerca	Sara		Sad	Left	Right	FALSE	FALSE
59			リチェルカ		それで一人で初めてのお買い物ってこと？	Town					touge_no_mura		Ricerca	Sara		Sad	Left	Right	FALSE	FALSE
60			サラ		ううん。何か私でもできる仕事が無いかなって。	Town					touge_no_mura		Ricerca	Sara		Sad	Left	Right	FALSE	FALSE
61			リチェルカ		仕事を探してたっての？　アンタって子は、もう……。	Town					touge_no_mura		Ricerca	Sara		Sad	Left	Right	FALSE	FALSE
62			サラ		無茶……だったかな？	Town					touge_no_mura		Ricerca	Sara		Sad	Left	Right	FALSE	FALSE
63			リチェルカ		無茶も無茶。大無茶よ。	Town					touge_no_mura		Ricerca	Sara		Sad	Left	Right	FALSE	FALSE
64			リチェルカ		あのね、アタシ達の年頃で、何のコネも無くできる仕事なんて無いの。	Town					touge_no_mura		Ricerca	Sara		Sad	Left	Right	FALSE	FALSE
65			リチェルカ		言っとくけど、自分の体を使う仕事だって、護衛なしでできる仕事じゃないからね。	Town					touge_no_mura		Ricerca	Sara		Sad	Left	Right	FALSE	FALSE
66			サラ		……でも、身寄りが無くてもリチェルカは商人として一人でやっていけてるじゃない。	Town					touge_no_mura		Ricerca	Sara		Sad	Left	Right	FALSE	FALSE
67			リチェルカ		……へぇ、そっか。アンタにはそう見えてたんだね。	Town					touge_no_mura		Ricerca	Sara		Sad	Left	Right	FALSE	FALSE
68			サラ		？？	Town					touge_no_mura		Ricerca	Sara		Normal	Left	Right	FALSE	FALSE
69			リチェルカ		一人でやってけてる？　そんなワケないでしょ？	Town					touge_no_mura		Ricerca	Sara		Normal	Left	Right	FALSE	FALSE
70			リチェルカ		コネが無いし、若い女ってことでナメられてて商品だってマトモに卸してもらえない。	Town					touge_no_mura		Ricerca	Sara		Normal	Left	Right	FALSE	FALSE
71			サラ		でも、リチェルカのお店はいつだって何でもそろってるよ？	Town					touge_no_mura		Ricerca	Sara		Normal	Left	Right	FALSE	FALSE
72			リチェルカ		それはこれのおかげだよ。	Town					touge_no_mura		Ricerca	Sara		Normal	Left	Right	FALSE	FALSE
73					リチェルカは、手の中にあったジェムを指先でクルクルともてあそんだ。	Town					touge_no_mura		Ricerca	Sara		Normal	Left	Right	FALSE	FALSE
74			サラ		ジェム？	Town					touge_no_mura		Ricerca	Sara		Normal	Left	Right	FALSE	FALSE
75			リチェルカ		そ。つまりお金の力。普通の卸価格の倍くらい払って、やっと色々と仕入れてるんだよ。	Town					touge_no_mura		Ricerca	Sara		Normal	Left	Right	FALSE	FALSE
76			リチェルカ		普通に売ったんじゃ赤字にしかならないから、市場には出せない。	Town					touge_no_mura		Ricerca	Sara		Normal	Left	Right	FALSE	FALSE
77			サラ		じゃあ、どうやって生活してるの？	Town					touge_no_mura		Ricerca	Sara		Normal	Left	Right	FALSE	FALSE
78			リチェルカ		いるでしょ？\nテロリストの子だとか言われて、ロクに市場を歩けない一家が……。	Town					touge_no_mura		Ricerca	Sara		Normal	Left	Right	FALSE	FALSE
79			サラ		あ……。	Town					touge_no_mura		Ricerca	Sara		Normal	Left	Right	FALSE	FALSE
80			リチェルカ		分かった？\nアタシは商人としての信頼と実力の無さを金の量でカバーして……。	Town					touge_no_mura		Ricerca	Sara		Normal	Left	Right	FALSE	FALSE
81			リチェルカ		で、@player@が大量にジェムを塔から持ち帰ってきて、アタシの商品を高値で買ってくれる。	Town					touge_no_mura		Ricerca	Sara		Normal	Left	Right	FALSE	FALSE
82			リチェルカ		要するに、アタシもアンタも@player@のおかげで生きてられるってわけ。	Town					touge_no_mura		Ricerca	Sara		Normal	Left	Right	FALSE	FALSE
83			リチェルカ		それにね、きっと@player@だって、アンタがいてくれるから頑張れるんだと思うよ。	Town					touge_no_mura		Ricerca	Sara		Normal	Left	Right	FALSE	FALSE
84			サラ		私が……？	Town					touge_no_mura		Ricerca	Sara		Normal	Left	Right	FALSE	FALSE
85			リチェルカ		そうだよ。『一人じゃない』って、すごく力になるんだ。	Town					touge_no_mura		Ricerca	Sara		Normal	Left	Right	FALSE	FALSE
86			リチェルカ		だから、あんまり焦らなくていいよ。\nアンタはできる限りのことをして、アイツの帰りを待てばいい。	Town					touge_no_mura		Ricerca	Sara		Normal	Left	Right	FALSE	FALSE
87			サラ		……私、ちゃんと出来てるのかな？\n兄さんの力になれてるのかな？	Town					touge_no_mura		Ricerca	Sara		Normal	Left	Right	FALSE	FALSE
88			リチェルカ		……あれを見れば分かるでしょ？	Town					touge_no_mura		Ricerca	Sara		Normal	Left	Right	FALSE	FALSE
89					リチェルカは視線の先からもうもうと上がる土煙を見ながら言った。	Town					touge_no_mura		Ricerca	Sara		Normal	Left	Right	FALSE	FALSE
90					どこかで妹が苛められていると聞いてきたのだろう。猛烈な勢いで走ってきている。	Town					touge_no_mura		Ricerca	Sara		Normal	Left	Right	FALSE	FALSE
91			リチェルカ		あのバカ。怒りに任せて市場をぶっ壊さなきゃいいけど……。	Town					touge_no_mura		Ricerca	Sara		Normal	Left	Right	FALSE	FALSE
92					………														FALSE	FALSE
93					……														FALSE	FALSE
94					…														FALSE	FALSE
