Id	Tag	Priority	Name	Icon	StoryText	BackImage	EventImage	Effect	Flg	Se	Bgm	Anime	StImage	StImage	StFace	StFace	StPosi	StPosi	StTurn	StTurn
																				
					ハァッ…ハァッ…ハァッ…！！	RedCave					PerituneMaterial_Lost_place4		Galf				Center			
					ガルフは追われていた。	RedCave					PerituneMaterial_Lost_place4		Galf				Center			
					今日という日は彼にとって最も恐怖した日であり、絶望した日であり、屈辱を味わった日である。	RedCave					PerituneMaterial_Lost_place4		Galf				Center			
					自分は天使、アンダーワールドの王。そして、純血という特性も相まって、魔法の力も比肩する相手がいないと自負してきた。	RedCave					PerituneMaterial_Lost_place4		Galf				Center			
					しかし現実はどうだ。	RedCave					PerituneMaterial_Lost_place4		Galf				Center			
					悪魔の一体でも倒すどころか、連れてきた護衛を全滅させられた挙句、こうして無様に逃げ回っている。	RedCave					PerituneMaterial_Lost_place4		Galf				Center			
					ガルフの護衛だって、決して弱くはないはずだった。\nレインに鍛えられ、精鋭と呼ぶにふさわしい剣の腕と魔法の力を持っている。	RedCave					PerituneMaterial_Lost_place4		Galf				Center			
					だが悪魔はそれ以上。圧倒的。絶望的。悪魔的。\n悪夢としか表現できないほどの強さだっただけだ。	RedCave					PerituneMaterial_Lost_place4		Galf				Center			
			ガルフ		……あの@player@とかいう小僧、あんな悪魔どもを一人で相手にしてきたというのか！？	RedCave					PerituneMaterial_Lost_place4		Galf				Center			
					甘かった。ここに来て、ようやく気がついた自分の甘さを呪わずにはいられない。	RedCave					PerituneMaterial_Lost_place4		Galf				Center			
					ガルフはふらつく足で塔の深部へ進みながら、ここへ来た理由を思い出していた。	RedCave					PerituneMaterial_Lost_place4		Galf				Center			
					レインが帰らず、@player@は今も『空の下』を目指しているという。	RedCave					PerituneMaterial_Lost_place4		Galf				Center			
					これはいけない。\nこのままでは『空の下』、つまりこの船の外側へ到達してしまうかもしれない。	RedCave					PerituneMaterial_Lost_place4		Galf				Center			
					それは人々がアンダーワールドから脱出が可能になるということ。\nつまり、ガルフの王国の終焉。	RedCave					PerituneMaterial_Lost_place4		Galf				Center			
					絶対に阻止しなければ。\nジェムの稼ぎ手を失うのは痛いが、@player@には消えてもらうしかない。	RedCave					PerituneMaterial_Lost_place4		Galf				Center			
					この時、ガルフには@player@を消すための３つの手段があった。	RedCave					PerituneMaterial_Lost_place4		Galf				Center			
					一つ、家族であるサラを人質にすること。	RedCave					PerituneMaterial_Lost_place4		Galf				Center			
					しかし、あの小娘は病気でそれほど長くは生きられない。\n@player@が見捨てて塔へ逃げたらどうする？	RedCave					PerituneMaterial_Lost_place4		Galf				Center			
					一つ、マリウスと同じように何らかの罪を被せる？	RedCave					PerituneMaterial_Lost_place4		Galf				Center			
					これも同じだ。結局、@player@が塔へ逃げたら意味がない。	RedCave					PerituneMaterial_Lost_place4		Galf				Center			
					それであれば、まだ@player@が油断しているうちに塔で始末した方が確実だろう。	RedCave					PerituneMaterial_Lost_place4		Galf				Center			
					@player@が塔へ探窟に出かけた後を追い、ガルフ自身と精鋭部隊で突入。	RedCave					PerituneMaterial_Lost_place4		Galf				Center			
					油断した@player@を一気に叩くという目論見だ。	RedCave					PerituneMaterial_Lost_place4		Galf				Center			
					多少の悪魔と遭遇するかもしれないが、問題はあるまい。\nあの小僧が一人でも生きていられる程度だ。	RedCave					PerituneMaterial_Lost_place4		Galf				Center			
					ガルフはそう考え、アベルの塔へと入っていった。	RedCave					PerituneMaterial_Lost_place4		Galf				Center			
					……それが大きな間違いだったと気がついたのは、一瞬で護衛を失い、無様に逃げだしてからだった。	RedCave					PerituneMaterial_Lost_place4		Galf				Center			
			ガルフ		私は！　天使！　私はっ！　四賢公！　私はぁっ！　王であるぞぉ！	RedCave					PerituneMaterial_Lost_place4		Galf				Center			
					恐怖にわめき、逃げ惑い、もはや足に体を支える力すら失われようとしていた時、それは彼の前に現れた。	RedCave					PerituneMaterial_Lost_place4		Galf				Center			
			ガルフ		はぁ……あ？	RedCave					PerituneMaterial_Lost_place4		Galf				Center			
					壁面いっぱいの奇妙な装置。見たこともない奇妙な幾何学模様をしたそれに、無数の悪魔たちが貼り付けにされていたのだ。	RedCave					PerituneMaterial_Lost_place4		Galf				Center			
			ガルフ		何だ、これは！	RedCave					PerituneMaterial_Lost_place4		Galf				Center			
					ガルフが目をこらすと、信じられない出来事が起こった。	RedCave					PerituneMaterial_Lost_place4		Galf				Center			
					装置から伸びた細い腕が火花を放ち、悪魔の撫でるように沿って行く。そして、破損した装甲に新しい装甲が貼り付けられていった。	RedCave					PerituneMaterial_Lost_place4		Galf				Center			
			ガルフ		ま……まさか、これは！	RedCave					PerituneMaterial_Lost_place4		Galf				Center			
			ガルフ		いや、間違いない！　これは悪魔の再生装置！	RedCave					PerituneMaterial_Lost_place4		Galf				Center			
					もし、これが破壊されれば、人間は悪魔の脅威から解放されるだろう。	RedCave					PerituneMaterial_Lost_place4		Galf				Center			
					だが、同時にガルフからの支配からも逃れることになるはずだ。	RedCave					PerituneMaterial_Lost_place4		Galf				Center			
					悪魔の脅威から解放された人間は、アベルの塔を自由に進んで、アンダーワールドから逃げ出すだろうから。	RedCave					PerituneMaterial_Lost_place4		Galf				Center			
					壊させてはならない。これはガルフの権威を守る、ガルフの王国を守る守り手だ！	RedCave					PerituneMaterial_Lost_place4		Galf				Center			
					そうだ、敵は悪魔ではない。\nこれを壊そうとする@player@こそが敵なのだ！	RedCave					PerituneMaterial_Lost_place4		Galf				Center			
					ガルフの目に狂気が宿り始めた時、その背後で巨大なものが蠢く気配がした。	RedCave					PerituneMaterial_Lost_place4		Galf				Center			
					彼が振り返ると、そこには今まで出会ったことのない、巨大で、異様な雰囲気の悪魔がいた。	RedCave					PerituneMaterial_Lost_place4		Galf				Center			
					その圧倒的な迫力と巨躯は、まさに王と形容するべきものだった。	RedCave					PerituneMaterial_Lost_place4		Galf				Center			
			ガルフ		……悪魔の……王？	RedCave					PerituneMaterial_Lost_place4		Galf				Center			
					きっとこの悪魔の王は、自らの領地に入り込み、再生装置に近づく不心得者を罰しようとしているのだろう。	RedCave					PerituneMaterial_Lost_place4		Galf				Center			
					ガルフは慌てて釈明した。	RedCave					PerituneMaterial_Lost_place4		Galf				Center			
			ガルフ		ま、待ってくれ！　悪魔の王よ！　私は天使！　人類の王だ！	RedCave					PerituneMaterial_Lost_place4		Galf				Center			
					話が通じるかなど構わず、ガルフは絶叫する。\n誇りなど投げ捨てた命乞いであるが、彼はそれに気づかない。	RedCave					PerituneMaterial_Lost_place4		Galf				Center			
			ガルフ		私は敵ではない！\n@player@だ！　@player@という男が、貴方の領地を狙っているのだ！	RedCave					PerituneMaterial_Lost_place4		Galf				Center			
			ガルフ		どうだ！？　私が力を貸そう、悪魔の王よ！\n我らが協力して、@player@を倒すのだ！	RedCave					PerituneMaterial_Lost_place4		Galf				Center			
					必死に訴えるガルフを無視して、悪魔の王は近づいてくる。	RedCave					PerituneMaterial_Lost_place4		Galf				Center			
					一歩、また一歩。それが、ガルフの余命を確実に削る歩みであるのは間違いなかった。	RedCave					PerituneMaterial_Lost_place4		Galf				Center			
					恐怖と絶望で絶叫するガルフ。もはやその叫びは声にもならない。	RedCave					PerituneMaterial_Lost_place4		Galf				Center			
					死ぬのはまだいい。だが、ここではダメだ。	RedCave					PerituneMaterial_Lost_place4		Galf				Center			
					支配者として、最後の天使として、人々の歴史に残る形で消えねばならないのだ。	RedCave					PerituneMaterial_Lost_place4		Galf				Center			
					でなければ、何のためにここまで権威を守ってきたのか、血筋に固執してきたのか。\n無意味になる、それだけは許せない。	RedCave					PerituneMaterial_Lost_place4		Galf				Center			
					ガルフはありったけの魔力を動員して、悪魔の王に魔法の矢を射出する。	RedCave					PerituneMaterial_Lost_place4		Galf				Center			
					しかし、どんなに魔力が強くても、技は使ってこそ生きるもの。\n手入れのされなかった刀は錆びつくのみ。	RedCave					PerituneMaterial_Lost_place4		Galf				Center			
					悪魔の王はそれを正面から受けても小揺るぎもしない。	RedCave					PerituneMaterial_Lost_place4		Galf				Center			
					ガルフは狂乱して魔法の矢を乱射するが、悪魔の王は意にも介さず、両拳を振り上げた。	RedCave					PerituneMaterial_Lost_place4		Galf				Center			
					それが最後の光景。\nアンダーワールドの支配者、ガルフが見た終末である。	RedCave					PerituneMaterial_Lost_place4		Galf				Center			
					………															
					……															
					…															
