Id	Tag	Priority	Name	Icon	StoryText	BackImage	EventImage	Effect	Flg	Se	Bgm	Anime	StImage	StImage	StFace	StFace	StPosi	StPosi	StTurn	StTurn
																			FALSE	FALSE
1					@player@がアベルの塔の探窟から戻り、街につながる門へと差し掛かった時……。	Gate					track02								FALSE	FALSE
2			？？		おい、小僧。ちょっと待てよ。	Gate					track02								FALSE	FALSE
3			衛兵A		今日も探窟お疲れさん。いっぱい稼いできたのか？	Gate					track02			Pawn		Normal		Center	FALSE	FALSE
4			衛兵A		なぁ小僧。若いうちから大金稼いでると、ロクな大人にならねえもんだ。\nどうだ？　俺たちに今日の稼ぎを預けてみねぇか？	Gate					track02			Pawn		Normal		Center	FALSE	FALSE
5			衛兵A		なぁに、悪い奴に狙われねえように預かっといてやるだけだよ。\n俺たちは衛兵だぜ？　正義の味方ってやつさ、なぁ？	Gate					track02			Pawn		Normal		Center	FALSE	FALSE
6			衛兵B		お……おい、止めとけよ。こんなことが役人にバレたら……。	Gate					track02			Pawn		Normal		Center	FALSE	FALSE
7			衛兵A		ケッ！　俺たちだって美味しい思いしたっていいだろうが！　役人みてぇによ。	Gate					track02			Pawn		Normal		Center	FALSE	FALSE
8			衛兵A		おい、小僧。手に入れたジェムを出すのか出さねえのか、ハッキリしろ！	Gate					track02			Pawn		Normal		Center	FALSE	FALSE
9			衛兵C		ヒヒ。坊ちゃん、大人しく出したほうがいいよォ？\nこいつってばキレると限度知らないからさぁ……。	Gate					track02			Pawn		Normal		Center	FALSE	FALSE
10			？？		止めろ！　何をしている！	Gate								Pawn		Normal		Center	FALSE	FALSE
11			衛兵A		んん？　誰だ、テメェは……ってゲェェ！　貴方はレイン様！？	Gate					Reflect		Rain	Pawn	Normal	Normal	Right	Center	FALSE	FALSE
12			レオン		お前たち、衛兵という立場を利用した金品の強要は、重大な規律違反だ。\nどういう罰を受けるか、覚悟はあるのだろうな？	Gate					Reflect		Rain	Pawn	Normal	Normal	Right	Center	FALSE	FALSE
13			衛兵A		いえ、私はただ、この小僧、いや、若者に、金を借りられないかと相談しただけでして……。	Gate					Reflect		Rain	Pawn	Normal	Normal	Right	Center	FALSE	FALSE
14			衛兵C		レインの旦那、アタシは知りやせんぜ？\n全部こいつの責任でさぁ。	Gate					Reflect		Rain	Pawn	Normal	Normal	Right	Center	FALSE	FALSE
15			衛兵A		て、テメェ！　仲間を売りやがるのか！？	Gate					Reflect		Rain	Pawn	Normal	Normal	Right	Center	FALSE	FALSE
16			衛兵C		このご時世に仲間だなんて白々しいこと言ってんじゃねぇよ。\n信じられるのは自分だけってな。	Gate					Reflect		Rain	Pawn	Normal	Normal	Right	Center	FALSE	FALSE
17			レイン		止せ！　とにかく、あとで３人とも事情を聞かせてもらう。\n先に詰所に戻って待機しておけ。	Gate					Reflect		Rain	Pawn	Normal	Normal	Right	Center	FALSE	FALSE
18			衛兵A		は……はィィ！　承知いたしましたァっ！	Gate					Reflect		Rain	Pawn	Normal	Normal	Right	Center	FALSE	FALSE
19					走り去る不良衛兵たち。\nそれを見送って、レインはフゥと息をついた。	Gate							Rain		Normal		Center		FALSE	FALSE
20			レイン		すまないな、@player@。\n恥ずかしいところを見せてしまった。	Gate					touge_no_mura		Rain		Normal		Center		FALSE	FALSE
21			レイン		……そう言ってくれると助かる。\n彼らも昔は賄賂を要求するほど腐ってはいなかったはずなのに……。	Gate					touge_no_mura		Rain		Normal		Center		FALSE	FALSE
22			レイン		貧困、略奪などの犯罪、役人の不正……。\nそういう現実を見続けて、この世界に対して失望してしまったのかもしれない。	Gate					touge_no_mura		Rain		Normal		Center		FALSE	FALSE
23			レイン		@player@、君のお父さんはね、そんな閉塞した世界をどうにかしたくて、新天地を求めてアベルの塔へ挑んでいたんじゃないかと思うんだ。	Gate					touge_no_mura		Rain		Normal		Center		FALSE	FALSE
24			レイン		世間は彼を逆賊だのテロリストだのと呼んでいるが、きっと何か理由があったんじゃないかと私は思うよ。	Gate					touge_no_mura		Rain		Normal		Center		FALSE	FALSE
25			レイン		忙しい中、彼は私に剣を教えてくれた。\n私にとってはかけがえない恩師でもある。	Gate					touge_no_mura		Rain		Normal		Center		FALSE	FALSE
26			レイン		先生が理由もなくシュヴァイク公を殺害するような人には思えないんだ。	Gate					touge_no_mura		Rain		Normal		Center		FALSE	FALSE
27			レイン		当時の最高権力者の一人を殺害することの重さを、あの人が理解できないはずもない。	Gate					touge_no_mura		Rain		Normal		Center		FALSE	FALSE
28			レイン		……真実を探せ、@player@。\nきっとあの人は真実に辿り着くためのヒントを、アベルの塔に残してきたはずだ。	Gate					touge_no_mura		Rain		Normal		Center		FALSE	FALSE
29			レイン		本当に先生はシュヴァイク公を殺したのなら、その理由は？\nそうでないのなら、真犯人は誰なのか？	Gate					touge_no_mura		Rain		Normal		Center		FALSE	FALSE
30			レイン		……もし、真犯人がいたとしたら、君はどうする？\nいや、すまない。忘れてくれ。	Gate					touge_no_mura		Rain		Normal		Center		FALSE	FALSE
31			レイン		おっと、引き止めてすまなかったな。	Gate					touge_no_mura		Rain		Normal		Center		FALSE	FALSE
32			レイン		きっとサラが君の帰りを待ちくたびれている頃だ。\n早く帰って安心させてやるといい。	Gate					touge_no_mura		Rain		Normal		Center		FALSE	FALSE
33					………														FALSE	FALSE
34					……														FALSE	FALSE
35					…														FALSE	FALSE
