Id	Tag	Priority	Name	Icon	StoryText	BackImage	EventImage	Effect	Flg	Se	Bgm	Anime	StImage	StImage	StFace	StFace	StPosi	StPosi	StTurn	StTurn
																			TRUE	TRUE
1			ガルフ		なぜだ。なぜ裏切った、シュヴァイク。	ArchiveRoom					PerituneMaterial_Suspense5		Swick	Galf			Left	Right	TRUE	TRUE
2			シュヴァイク		たしかに、私は君を裏切ったのだろうね。だが、私は私の役目を果たそうとしているだけだ。	ArchiveRoom					PerituneMaterial_Suspense5		Swick	Galf			Left	Right	TRUE	TRUE
3			ガルフ		悪魔どもを駆逐してアベルの塔を開通し、人間を地上へ連れて行くことが役割だと？	ArchiveRoom					PerituneMaterial_Suspense5		Swick	Galf			Left	Right	TRUE	TRUE
4			シュヴァイク		そうとも。君も気づいているはずだ、ガルフ。もはやアベル敗血症を止めることはできない。	ArchiveRoom					PerituneMaterial_Suspense5		Swick	Galf			Left	Right	TRUE	TRUE
5			シュヴァイク		それに、限界なのは『この船』も同じ……。	ArchiveRoom					PerituneMaterial_Suspense5		Swick	Galf			Left	Right	TRUE	TRUE
6			ガルフ		言うな！！	ArchiveRoom					PerituneMaterial_Suspense5		Swick	Galf			Left	Right	TRUE	TRUE
7			ガルフ		ならばお前はこの世界が存続できるように力を尽くすべきではないのか！？	ArchiveRoom					PerituneMaterial_Suspense5		Swick	Galf			Left	Right	TRUE	TRUE
8			シュヴァイク		それは無理だ。君が一番よく知っているはずだろう？	ArchiveRoom					PerituneMaterial_Suspense5		Swick	Galf			Left	Right	TRUE	TRUE
9			シュヴァイク		我々の祖先がこの星に辿り着いた時から、そんな技術はとうに失われている。	ArchiveRoom					PerituneMaterial_Suspense5		Swick	Galf			Left	Right	TRUE	TRUE
10			ガルフ		だから人間どもにこの世界を捨て、地上で生きろと言うのか？	ArchiveRoom					PerituneMaterial_Suspense5		Swick	Galf			Left	Right	TRUE	TRUE
11			シュヴァイク		そうだ。この街に彼らを閉じ込めているのは悪魔……ドロイドではない。我々だ。我々のエゴだ。	ArchiveRoom					PerituneMaterial_Suspense5		Swick	Galf			Left	Right	TRUE	TRUE
12			ガルフ		ふざけるな！　このままでは滅びるはずだった人間を救ったのは我々の祖先だろう！？	ArchiveRoom					PerituneMaterial_Suspense5		Swick	Galf			Left	Right	TRUE	TRUE
13			ガルフ		アベル敗血症から救うため、我々の血を分け与え、奴らが生きるための街まで作ってやったのだ！	ArchiveRoom					PerituneMaterial_Suspense5		Swick	Galf			Left	Right	TRUE	TRUE
14			シュヴァイク		だがそのアベル敗血症を持ち込んだのは我々だ。	ArchiveRoom					PerituneMaterial_Suspense5		Swick	Galf			Left	Right	TRUE	TRUE
15			シュヴァイク		我々の行為は恩どころか贖罪にさえなりはしない。彼らの多くも、あの街からの脱出を願っている。	ArchiveRoom					PerituneMaterial_Suspense5		Swick	Galf			Left	Right	TRUE	TRUE
16			シュヴァイク		終わりにしようじゃないか、ガルフ。もはや我々の王様ごっこに人々を付き合わせるわけにはいかない。	ArchiveRoom					PerituneMaterial_Suspense5		Swick	Galf			Left	Right	TRUE	TRUE
17			ガルフ		……よく分かった。シュヴァイク。もう十分だ。	ArchiveRoom					PerituneMaterial_Suspense5		Swick	Galf			Left	Right	TRUE	TRUE
18			シュヴァイク		理解してくれるのか、ガルフ。	ArchiveRoom					PerituneMaterial_Suspense5		Swick	Galf			Left	Right	TRUE	TRUE
19			ガルフ		ああ、お前の考えを変えることはできないことが、な。	ArchiveRoom					PerituneMaterial_Suspense5		Swick	Galf			Left	Right	TRUE	TRUE
20			シュヴァイク		！？	ArchiveRoom					PerituneMaterial_Suspense5		Swick	Galf			Left	Right	TRUE	TRUE
21			シュヴァイク		……ぐ……あ……ガルフ……。	ArchiveRoom					PerituneMaterial_Suspense5		Swick	Galf			Left	Right	TRUE	TRUE
22			ガルフ		よくやった、レイン。	ArchiveRoom					PerituneMaterial_Suspense5		Rain	Galf			Left	Right	TRUE	TRUE
23			ガルフ		残念だぞ、シュヴァイク。本心からな。お前は私と同じ、数少ない純血の天使だったというのに。	ArchiveRoom					PerituneMaterial_Suspense5		Rain	Galf			Left	Right	TRUE	TRUE
24			シュヴァイク		……何が……天使……我々……こそ悪魔……。	ArchiveRoom					PerituneMaterial_Suspense5		Rain	Galf			Left	Right	TRUE	TRUE
25			ガルフ		ならば地獄に堕ちろ、堕天使め。私の世界を混乱させる裏切り者よ。	ArchiveRoom					PerituneMaterial_Suspense5		Rain	Galf			Left	Right	TRUE	TRUE
26			ガルフ		この世界は潰れさせない。アベル敗血症？　知るか。天使の血が濃い人間ならそんな病気になどかからん。	ArchiveRoom					PerituneMaterial_Suspense5		Rain	Galf			Left	Right	TRUE	TRUE
27			ガルフ		その病気が流行っているということは、人間の中の天使の血が薄まっているということだ。嘆かわしい。	ArchiveRoom					PerituneMaterial_Suspense5		Rain	Galf			Left	Right	TRUE	TRUE
28			レイン		……父上……。	ArchiveRoom					PerituneMaterial_Suspense5		Rain	Galf			Left	Right	TRUE	TRUE
29			ガルフ		おお、レインよ。お前は純血でこそ無いが、私が引き取った子の中では格段に天使の血が濃い。誇るがいい。	ArchiveRoom					PerituneMaterial_Suspense5		Rain	Galf			Left	Right	TRUE	TRUE
30			レイン		ありがとうございます。\n……それで、シュヴァイク様のご遺体はどのようにいたしましょう？	ArchiveRoom					PerituneMaterial_Suspense5		Rain	Galf			Left	Right	TRUE	TRUE
31			ガルフ		私に考えがある。任せておけ。	ArchiveRoom					PerituneMaterial_Suspense5		Rain	Galf			Left	Right	TRUE	TRUE
32			ガルフ		シュヴァイクには最後の役目を果たしてもらう。\n殉教者として、天使……いや、私への尊厳の強化に使わせてもらおう。	ArchiveRoom					PerituneMaterial_Suspense5		Rain	Galf			Left	Right	TRUE	TRUE
33			レイン		……。	ArchiveRoom					PerituneMaterial_Suspense5		Rain	Galf			Left	Right	TRUE	TRUE
34			ガルフ		さて、レイン。お前にはもう一つやってもらうことがある。	ArchiveRoom					PerituneMaterial_Suspense5		Rain	Galf			Left	Right	TRUE	TRUE
35			レイン		なんなりと。	ArchiveRoom					PerituneMaterial_Suspense5		Rain	Galf			Left	Right	TRUE	TRUE
36			ガルフ		よい返事だ。実は、シュヴァイクがある男にとある重大な秘密を明かしてしまっていたそうでな。	ArchiveRoom					PerituneMaterial_Suspense5		Rain	Galf			Left	Right	TRUE	TRUE
37			ガルフ		それがその男の口から漏れてしまっては、街の人間たちの混乱につながりかねん。	ArchiveRoom					PerituneMaterial_Suspense5		Rain	Galf			Left	Right	TRUE	TRUE
38			ガルフ		お前にはその男の口封じをしてもらう。	ArchiveRoom					PerituneMaterial_Suspense5		Rain	Galf			Left	Right	TRUE	TRUE
39			レイン		……その男とは……？	ArchiveRoom					PerituneMaterial_Suspense5		Rain	Galf			Left	Right	TRUE	TRUE
40			ガルフ		お前も良く知る、探窟家のマリウス。\nそう、お前の剣の師だ。	ArchiveRoom					PerituneMaterial_Suspense5		Rain	Galf			Left	Right	TRUE	TRUE
41			レイン		！！\n……いや、しかし、それは……。	ArchiveRoom					PerituneMaterial_Suspense5		Rain	Galf			Left	Right	TRUE	TRUE
42			ガルフ		よもや断りはしないな？　我が子よ。\n誰が今までお前を守り、育ててきたのだ？	ArchiveRoom					PerituneMaterial_Suspense5		Rain	Galf			Left	Right	TRUE	TRUE
43			レイン		……。	ArchiveRoom					PerituneMaterial_Suspense5		Rain	Galf			Left	Right	TRUE	TRUE
44			ガルフ		お前は恩を忘れたというのか？\nそして街の人間の秩序が失われてもよいと言うのか？	ArchiveRoom					PerituneMaterial_Suspense5		Rain	Galf			Left	Right	TRUE	TRUE
45			ガルフ		お前が私の騎士として仕えると誓ったのは嘘だったのか？\nあの覚悟は偽物か？	ArchiveRoom					PerituneMaterial_Suspense5		Rain	Galf			Left	Right	TRUE	TRUE
46			レイン		……いえ。私が未熟でした。申し訳ありません。\nマリウスの口封じ、必ず果たしてご覧にいれます。	ArchiveRoom					PerituneMaterial_Suspense5		Rain	Galf			Left	Right	TRUE	TRUE
47			ガルフ		よいぞ。それでこそだ。\nでは楽しみにしているぞ、レイン。\n誇るべき我が子よ。	ArchiveRoom					PerituneMaterial_Suspense5		Rain	Galf			Left	Right	TRUE	TRUE
					………															
					……															
					…															
