Id	Name	Icon	Detail	NeedClearCount	SceneProgress	ImagePath	BattleBgm	BossBgm
								
1	1階層		1階層	10	1	2320460	通常戦闘	shinnyu
2	2階層		2階層	10	2	86670283_p0	通常戦闘	shinnyu
3	3階層		3階層	10	3	87194030_p0	通常戦闘	shinnyu
4	4階層		4階層	10	4	91052387_p0	通常戦闘	shinnyu
5	5階層		5階層	10	5	91967862_p0	通常戦闘	shinnyu
6	6階層		6階層	10	6	92255638_p0	通常戦闘	shinnyu
7	7階層		7階層	10	7	93195670_p0	通常戦闘	shinnyu
8	8階層		8階層	10	8	93195670_p1	通常戦闘	shinnyu
