Id	Tag	Lv	MinRarity	MaxRarity	MaxEnhance	Prefab	Name	Detail	Icon	Values	Values	Cost	Category	Spec	Effect	SkillTag	Range	EquipJob	EquipJob	CategoryDetailName	EffectType	MaxNum
		レベル			最大強化値					物理	精神	価格	種類				効果範囲（0:自分、１:単体、２:全体）	装備可能ジョブ	装備可能ジョブ	種別名	Slash	1
1		0	0	1	5		廃材の胸当て	廃材の板をベルトで固定した粗末な防具。胸のみを守る。	Armor	5	1	10	ARMOR				0	1,2,4	5,6,7	防具/軽鎧	Slash	1
2		0	0	1	5		廃材の鎖帷子	廃材のワイヤーを編んだ粗末な防具。胴全体を守る。	Armor	6	1	12	ARMOR				0	1,2,4	5,6,7	防具/軽鎧	Slash	1
3		0	0	1	5		廃材のツナギ	廃材を掻き集めて作られた粗末なツナギ。全身を守る。	Armor	7	1	12	ARMOR				0	1,2,4		防具/重鎧	Slash	1
4		0	0	1	5		廃材の拳甲	折り曲げた鉄筋で作られた拳武器。極めて命中率が高い。	Weapon	3	1	9	WEAPON				0	4		防具/重鎧	Slash	1
5		0	0	1	5		廃材の警棒	警棒とは名ばかりの、単なる廃材の棒。	Weapon	4	1	10	WEAPON				0	1,2,4	5,6,7	防具/重鎧	Slash	1
6		0	0	1	5		廃材のナイフ	廃材の鉄を切り、削ってナイフの形にしただけの物。	Weapon	3	1	9	WEAPON				0	1,2,4	5,7	武器/小剣	Slash	1
7		0	0	1	5		廃材の槍	長いパイプに尖った先端を付けた物。材質は不明。	Weapon	4	1	10	WEAPON				0	1,2,3	4,5,7	武器/短剣	Slash	1
8		0	0	1	5		廃材の斧	重く分厚い金属板に柄を付けただけの物	Weapon	6	1	12	WEAPON				0	1,2,4		武器/槍	Slash	1
9		0	0	1	5		廃材の打刀	棒状の板をひたすら研いだ刀…のような物	Weapon	5	1	10	WEAPON				0	1,2,4		武器/斧	Slash	1
10		5	0	2	5		鉄の胸当て	鉄板をベルトで固定したプロテクター	Armor	13	1	160	ARMOR				0	1,2,4		武器/長剣	Slash	1
11		5	0	2	5		鉄の鎖帷子	生地に鉄のワイヤーを編み込んだチョッキ	Armor	15	1	170	ARMOR				0	1,2,4	5,6,7	防具/軽鎧	Slash	1
12		5	0	2	5		鉄のツナギ	生地の内側に無数の鉄板を収納したツナギ	Armor	16	1	170	ARMOR				0	1,2,4	5,6,7	防具/軽鎧	Slash	1
13		5	0	2	5		鉄の拳甲	鉄で作られた拳武器。極めて命中率が高い。	Weapon	7	1	140	WEAPON				0	1,2,4		防具/重鎧	Slash	1
14		5	0	2	5		鉄の警棒	鉄の警棒。小回りが利き、扱いやすい。	Weapon	10	1	150	WEAPON				0	4		防具/重鎧	Slash	1
15		5	0	2	5		鉄のナイフ	鉄の短剣。扱いやすく装備できる職業が多い。	Weapon	8	1	150	WEAPON				0	1,2,4	5,6,7	防具/重鎧	Slash	1
16		5	0	2	5		鉄の槍	鉄の槍。攻撃力と命中率のバランスの取れた武器。	Weapon	11	1	150	WEAPON				0	1,2,4	5,7	武器/小剣	Slash	1
17		5	0	2	5		鉄の斧	重厚な鉄で作られた斧。扱いづらいが、その威力は絶大。	Weapon	16	1	170	WEAPON				0	1,2,4	4,5,7	武器/短剣	Slash	1
18		5	0	2	5		鉄の打刀	鉄の剣。戦闘職に愛用される、威力の高い武器。	Weapon	13	1	160	WEAPON				0	1,2,4		武器/槍	Slash	1
19		10	1	3	5		鋼鉄の胸当て	鋼鉄板をベルトで固定したプロテクター	Armor	23	1	510	ARMOR				0	1,2,4		武器/斧	Slash	1
20		10	1	3	5		鋼鉄の鎖帷子	生地に鋼鉄のワイヤーを編み込んだチョッキ	Armor	26	1	530	ARMOR				0	1,2,4		武器/長剣	Slash	1
21		10	1	3	5		鋼鉄のツナギ	生地の内側に無数の鋼鉄板を収納したツナギ	Armor	28	1	540	ARMOR				0	1,2,4	5,6,7	防具/軽鎧	Slash	1
22		10	1	3	5		鋼鉄の拳甲	鋼鉄で作られた拳武器。極めて命中率が高い。	Weapon	12	1	460	WEAPON				0	1,2,4	5,6,7	防具/軽鎧	Slash	1
23		10	1	3	5		鋼鉄の警棒	鋼鉄の警棒。小回りが利き、扱いやすい。	Weapon	17	1	480	WEAPON				0	1,2,4		防具/重鎧	Slash	1
24		10	1	3	5		鋼鉄のナイフ	鋼鉄の短剣。扱いやすく装備できる職業が多い。	Weapon	14	1	470	WEAPON				0	4		防具/重鎧	Slash	1
25		10	1	3	5		鋼鉄の槍	鋼鉄の槍。攻撃力と命中率のバランスの取れた武器。	Weapon	19	1	490	WEAPON				0	1,2,4	5,6,7	防具/重鎧	Slash	1
26		10	1	3	5		鋼鉄の斧	重厚な鋼鉄で作られた斧。扱いづらいが、その威力は絶大。	Weapon	28	1	540	WEAPON				0	1,2,4	5,7	武器/小剣	Slash	1
27		10	1	3	5		鋼鉄の打刀	鋼鉄の剣。戦闘職に愛用される、威力の高い武器。	Weapon	23	1	510	WEAPON				0	1,2,4	4,5,7	武器/短剣	Slash	1
28		16	2	4	5		玉鋼の胸当て	玉鋼で作られた胸当て。圧倒的な強度を誇る。	Armor	40	1	1360	ARMOR				0	1,2,4		武器/槍	Slash	1
29		16	2	4	5		玉鋼の鎖帷子	玉鋼を装着したチョッキ。圧倒的な強度を誇る。	Armor	44	1	1400	ARMOR				0	1,2,4		武器/斧	Slash	1
30		16	2	4	5		玉鋼のツナギ	玉鋼で補強されたツナギ。圧倒的な強度を誇る。	Armor	46	1	1420	ARMOR				0	1,2,4		武器/長剣	Slash	1
31		16	2	4	5		玉鋼の拳甲	玉鋼で作られた拳武器。極めて命中率と破壊力が高い。	Weapon	20	1	1190	WEAPON				0	1,2,4	5,6,7	防具/軽鎧	Slash	1
32		16	2	4	5		玉鋼の警棒	玉鋼で作られた警棒。小回りが利き、扱いやすく威力も高い。	Weapon	28	1	1260	WEAPON				0	1,2,4	5,6,7	防具/軽鎧	Slash	1
33		16	2	4	5		玉鋼のナイフ	玉鋼の短剣。扱いやすく威力も他の武器に引けを取らない。	Weapon	24	1	1230	WEAPON				0	1,2,4		防具/重鎧	Slash	1
34		16	2	4	5		玉鋼の槍	玉鋼の槍。攻撃力と命中率のバランスの取れた武器。どんな装甲も貫く。	Weapon	32	1	1300	WEAPON				0	4		防具/重鎧	Slash	1
35		16	2	4	5		玉鋼の斧	重厚な玉鋼で作られた斧。扱いづらいが、当たりさえすればどんな物も打ち砕く。	Weapon	48	1	1430	WEAPON				0	1,2,4	5,6,7	防具/重鎧	Slash	1
36		16	2	4	5		玉鋼の打刀	玉鋼の剣。名刀として名を残す価値は十分にある。	Weapon	40	1	1360	WEAPON				0	1,2,4	5,7	武器/小剣	Slash	1
37		20	4	4	5		日緋色金の胸当て	伝説の金属で作られた胸当て。圧倒的な強度を誇る。	Armor	54	1	2270	ARMOR				0	1,2,4	4,5,7	武器/短剣	Slash	1
38		20	4	4	5		日緋色金の鎖帷子	伝説の金属版を装着したチョッキ。圧倒的な強度を誇る。	Armor	60	1	2340	ARMOR				0	1,2,4		武器/槍	Slash	1
39		20	4	4	5		日緋色金のツナギ	伝説の金属で補強されたツナギ。圧倒的な強度を誇る。	Armor	63	1	2380	ARMOR				0	1,2,4		武器/斧	Slash	1
40		20	4	4	5		日緋色金の拳甲	伝説の金属で作られた拳武器	Weapon	27	1	2000	WEAPON				0	1,2,4		武器/長剣	Slash	1
41		20	4	4	5		日緋色金の警棒	伝説の金属で作られた警棒	Weapon	38	1	2100	WEAPON				0	1,2,4	5,6,7	防具/軽鎧	Slash	1
42		20	4	4	5		日緋色金のナイフ	伝説の金属で作られた短刀	Weapon	33	1	2060	WEAPON				0	1,2,4	5,6,7	防具/軽鎧	Slash	1
43		20	4	4	5		日緋色金の槍	伝説の金属で作られた槍	Weapon	44	1	2170	WEAPON				0	1,2,4		防具/重鎧	Slash	1
44		20	4	4	5		日緋色金の斧	伝説の金属で作られた重厚な斧	Weapon	65	1	2400	WEAPON				0	4		防具/重鎧	Slash	1
45		20	4	4	5		日緋色金の打刀	伝説の金属で作られた刀	Weapon	54	1	2270	WEAPON				0	1,2,4	5,6,7	防具/重鎧	Slash	1
46		0	0	1	5		端切れのベスト	端切れを集めて作られた粗末なベスト	Armor	4	1	10	ARMOR				0	1,2,4	5,7	武器/小剣	Slash	1
47		0	0	1	5		端切れのジャケット	端切れを集めて作られた粗末なジャケット	Armor	4	1	10	ARMOR				0	1,2,4	4,5,7	武器/短剣	Slash	1
48		0	0	1	5		端切れのコート	端切れを集めて作られた粗末なコート	Armor	3	1	9	ARMOR				0	1,2,4		武器/槍	Slash	1
49		5	0	1	5		革のベスト	なめし革で作られたベスト	Armor	9	1	140	ARMOR				0	1,2,4		武器/斧	Slash	1
50		5	0	1	5		革のジャケット	なめし革で作られたジャケット	Armor	9	1	140	ARMOR				0	1,2,4		武器/長剣	Slash	1
51		5	0	1	5		革のコート	なめし革で作られたコート	Armor	6	1	130	ARMOR				0	1,2,4	5,6,7	防具/軽鎧	Slash	1
52		16	0	1	5		炭素繊維のベスト	カーボン繊維で作られたベスト	Armor	24	1	1060	ARMOR				0	1,2,4	5,6,7	防具/軽鎧	Slash	1
53		16	0	1	5		炭素繊維のジャケット	カーボン繊維で作られたジャケット	Armor	24	1	1060	ARMOR				0	1,2,4		防具/重鎧	Slash	1
54		16	0	1	5		炭素繊維のコート	カーボン繊維で作られたコード	Armor	16	1	990	ARMOR				0	4		防具/重鎧	Slash	1
55		20	0	1	5		蜘蛛糸のベスト	鋼以上の高度を持つ蜘蛛の糸を加工して作られたベスト	Armor	33	1	1770	ARMOR				0	1,2,4	5,6,7	防具/重鎧	Slash	1
56		20	0	1	5		蜘蛛糸のジャケット	鋼以上の高度を持つ蜘蛛の糸を加工して作られたジャケット	Armor	33	1	1770	ARMOR				0	1,2,4	5,7	武器/小剣	Slash	1
57		20	0	1	5		蜘蛛糸のコート	鋼以上の高度を持つ蜘蛛の糸を加工して作られたコート	Armor	22	1	1660	ARMOR				0	1,2,4	4,5,7	武器/短剣	Slash	1
58		24	0	1	5		羽衣のベスト	人の理を超えた素材で作られたベスト	Armor	42	1	2730	ARMOR				0	1,2,4		武器/槍	Slash	1
59		24	0	1	5		羽衣のジャケット	人の理を超えた素材で作られたジャケット	Armor	42	1	2730	ARMOR				0	1,2,4		武器/斧	Slash	1
60		24	0	1	5		羽衣のコート	人の理を超えた素材で作られたコート	Armor	28	1	2550	ARMOR				0	1,2,4		武器/長剣	Slash	1
61		0	0	1	5		端材のワンド	端材で作られた粗末な短杖	Weapon	2	1	8	WEAPON				0	1,2,4	5,6,7	防具/軽鎧	Slash	1
62		0	0	1	5		端材のスタッフ	端材で作られた粗末な杖	Weapon	3	1	9	WEAPON				0	1,2,4	5,6,7	防具/軽鎧	Slash	1
63		0	0	1	5		端材のヌンチャク	端材で作られた粗末なヌンチャク	Weapon	4	1	8	WEAPON				0	1,2,4		防具/重鎧	Slash	1
64		0	0	1	5		端材の棍	端材で作られた粗末な棍棒	Weapon	4	1	8	WEAPON				0	4		防具/重鎧	Slash	1
65		0	0	1	5		端材の弓	端材で作られた粗末な弓	Weapon	6	1	9	WEAPON				1	1,2,4	5,6,7	防具/重鎧	Slash	1
66		0	0	1	5		端材のクロスボウ	端材で作られた粗末な弩	Weapon	5	1	9	WEAPON				1	1,2,4	5,7	武器/小剣	Slash	1
67		5	0	1	5		樫のワンド	樫の木材で作られた短杖。	Weapon	3	1	120	WEAPON				0	1,2,4	4,5,7	武器/短剣	Slash	1
68		5	0	1	5		樫のスタッフ	樫の木材で作られた杖。	Weapon	7	1	130	WEAPON				0	1,2,4		武器/槍	Slash	1
69		5	0	1	5		樫のヌンチャク	樫の木材で作られた棍棒。	Weapon	10	1	120	WEAPON				0	1,2,4		武器/斧	Slash	1
70		5	0	1	5		樫の棍	樫の木材で作られた棍棒。	Weapon	10	1	120	WEAPON				0	1,2,4		武器/長剣	Slash	1
71		5	0	1	5		樫の弓	樫の木材で作られた弓	Weapon	14	1	140	WEAPON				1	1,2,4	5,6,7	防具/軽鎧	Slash	1
72		5	0	1	5		樫のクロスボウ	樫の木材で作られた弩	Weapon	12	1	130	WEAPON				1	1,2,4	5,6,7	防具/軽鎧	Slash	1
73		10	0	1	5		黒檀のワンド	黒檀で作られた短杖。	Weapon	5	1	360	WEAPON				0	1,2,4		防具/重鎧	Slash	1
74		10	0	1	5		黒檀のスタッフ	黒檀で作られた杖。	Weapon	12	1	390	WEAPON				0	4		防具/重鎧	Slash	1
75		10	0	1	5		黒檀のヌンチャク	黒檀で作られた棍棒。	Weapon	17	1	380	WEAPON				0	1,2,4	5,6,7	防具/重鎧	Slash	1
76		10	0	1	5		黒檀の棍	黒檀で作られた棍棒。	Weapon	17	1	380	WEAPON				0	1,2,4	5,7	武器/小剣	Slash	1
77		10	0	1	5		黒檀の弓	幾重にも重ねた竹の弓	Weapon	24	1	420	WEAPON				1	1,2,4	4,5,7	武器/短剣	Slash	1
78		10	0	1	5		黒檀のクロスボウ	幾重にも重ねた竹の弩	Weapon	21	1	400	WEAPON				1	1,2,4		武器/槍	Slash	1
79		16	0	1	5		霊木のワンド	霊的な力を持つとされる木から作られた短杖	Weapon	9	1	920	WEAPON				0	1,2,4		武器/斧	Slash	1
80		16	0	1	5		霊木のスタッフ	霊的な力を持つとされる木から作られた杖。	Weapon	20	1	1010	WEAPON				0	1,2,4		武器/長剣	Slash	1
81		16	0	1	5		霊木のヌンチャク	霊的な力を持つとされる木から作られたヌンチャク	Weapon	28	1	960	WEAPON				0	1,2,4	5,6,7	防具/軽鎧	Slash	1
82		16	0	1	5		霊木の棍	霊的な力を持つとされる木から作られた棍棒	Weapon	28	1	960	WEAPON				0	1,2,4	5,6,7	防具/軽鎧	Slash	1
83		16	0	1	5		霊木の弓	霊的な力を持つとされる木から作られた弓	Weapon	40	1	1060	WEAPON				1	1,2,4		防具/重鎧	Slash	1
84		16	0	1	5		霊木のクロスボウ	霊的な力を持つとされる木から作られた弩	Weapon	34	1	1010	WEAPON				1	4		防具/重鎧	Slash	1
85		20	0	1	5		神木のワンド	神が宿るとされた木で作られた短杖	Weapon	12	1	1540	WEAPON				0	1,2,4	5,6,7	防具/重鎧	Slash	1
86		20	0	1	5		神木のスタッフ	神が宿るとされた木で作られた杖	Weapon	27	1	1680	WEAPON				0	1,2,4	5,7	武器/小剣	Slash	1
87		20	0	1	5		神木のヌンチャク	神が宿るとされた木で作られたヌンチャク	Weapon	38	1	1600	WEAPON				0	1,2,4	4,5,7	武器/短剣	Slash	1
88		20	0	1	5		神木の棍	神が宿るとされた木で作られた棍棒	Weapon	38	1	1600	WEAPON				0	1,2,4		武器/槍	Slash	1
89		20	0	1	5		神木の弓	神が宿るとされた木で作られた弓	Weapon	54	1	1770	WEAPON				1	1,2,4		武器/斧	Slash	1
90		20	0	1	5		神木のクロスボウ	神が宿るとされた木で作られた弩	Weapon	46	1	1680	WEAPON				1	1,2,4		武器/長剣	Slash	1
1001		0	0	1	1		おもちゃのイヤリング	おもちゃの安っぽいイヤリング	Accessory	1	1	3	ACCESSORY				0	1,2,4	5,6,7	防具/軽鎧	Slash	1
1002		5	0	1	1		銀のイヤリング	純銀で作られたイヤリング	Accessory	5	1	90	ACCESSORY				0	1,2,4	5,6,7	防具/軽鎧	Slash	1
1003		10	0	1	1		金のイヤリング	純金で作られたイヤリング	Accessory	10	1	330	ACCESSORY				0	1,2,4		防具/重鎧	Slash	1
1004		16	0	1	2		白金のイヤリング	白金に宝石が散りばめられたイヤリング	Accessory	16	1	820	ACCESSORY				0	4		防具/重鎧	Slash	1
1005		20	0	1	2		蓬莱のイヤリング	幻の至宝、蓬莱の玉の枝で作られたイヤリング	Accessory	20	1	1260	ACCESSORY				0	1,2,4	5,6,7	防具/重鎧	Slash	1
1006		0	0	1	1		おもちゃのリング	おもちゃの安っぽい指輪	Accessory	1	1	3	ACCESSORY				0	1,2,4	5,7	武器/小剣	Slash	1
1007		5	0	1	1		銀のリング	純銀で作られた指輪	Accessory	5	1	90	ACCESSORY				0	1,2,4	4,5,7	武器/短剣	Slash	1
1008		10	0	1	1		金のリング	純金で作られた指輪	Accessory	10	1	330	ACCESSORY				0	1,2,4		武器/槍	Slash	1
1009		16	0	1	2		白金のリング	白金に宝石が散りばめられた指輪	Accessory	16	1	820	ACCESSORY				0	1,2,4		武器/斧	Slash	1
1010		20	0	1	2		蓬莱のリング	幻の至宝、蓬莱の玉の枝で作られた指輪	Accessory	20	1	1260	ACCESSORY				0	1,2,4		武器/長剣	Slash	1
1011		0	0	1	1		端切れのベルト	端切れを集めて作られた粗末なベルト	Accessory	0	1	3	ACCESSORY				0	1,2,4	5,6,7	防具/軽鎧	Slash	1
1012		5	0	1	1		革のベルト	なめし革で作られたベルト	Accessory	2	1	110	ACCESSORY				0	1,2,4	5,6,7	防具/軽鎧	Slash	1
1013		16	0	1	2		炭素繊維のベルト	カーボン繊維で作られたベルト	Accessory	8	1	870	ACCESSORY				0	1,2,4		防具/重鎧	Slash	1
1014		20	0	1	2		蜘蛛糸のベルト	鋼以上の強度を持つ蜘蛛の糸を加工して作られたベルト	Accessory	10	1	1330	ACCESSORY				0	4		防具/重鎧	Slash	1
1015		24	0	1	3		羽衣のベルト	人の理を超えた素材で作られたベルト	Accessory	12	1	1950	ACCESSORY				0	1,2,4	5,6,7	防具/重鎧	Slash	1
1016		5	0	1	1		端切れのバングル	端切れを集めて作られた粗末な腕輪	Accessory	3	1	110	ACCESSORY				0	1,2,4	5,7	武器/小剣	Slash	1
1017		5	0	1	1		革のバングル	なめし革で作られた腕輪	Accessory	3	1	110	ACCESSORY				0	1,2,4	4,5,7	武器/短剣	Slash	1
1018		16	0	1	2		炭素繊維のバングル	カーボン繊維で作られた腕輪	Accessory	8	1	870	ACCESSORY				0	1,2,4		武器/槍	Slash	1
1019		20	0	1	2		蜘蛛糸のバングル	鋼以上の強度を持つ蜘蛛の糸を加工して作られた腕輪	Accessory	10	1	1330	ACCESSORY				0	1,2,4		武器/斧	Slash	1
1020		24	0	1	3		羽衣のバングル	人の理を超えた素材で作られた腕輪	Accessory	12	1	1950	ACCESSORY				0	1,2,4		武器/長剣	Slash	1
1021		0	0	1	1		端材のアミュレット	おもちゃの安っぽいネックレス	Accessory	0	1	3	ACCESSORY				0	0		装身具/護符		1
1022		5	0	1	1		樫のアミュレット	純銀で作られたネックレス	Accessory	0	1	110	ACCESSORY				0	0		装身具/護符		1
1023		10	0	1	1		黒檀のアミュレット	純金で作られたネックレス	Accessory	0	1	400	ACCESSORY				0	0		装身具/護符		1
1024		24	0	1	3		霊木のアミュレット	白金に宝石が散りばめられたネックレス	Accessory	0	1	2180	ACCESSORY				0	0		装身具/護符		1
1025		30	0	1	3		神木のアミュレット	幻の至宝、蓬莱の玉の枝で作られたネックレス	Accessory	0	1	3350	ACCESSORY				0	0		装身具/護符		1
2001		0	0	0	0		ハーブ	傷に効く天然素材を集めて作られた自然の薬。HPが少し回復する。	Potion	40	1	10	CONSUMABLE	HEAL	Heal	potion	2	-1		回復/HP		9
2002		7	0	0	0		傷薬	錬金術によって精製された薬品。HPが回復する。	Potion	100	1	40	CONSUMABLE	HEAL	Heal	potion	2	-1		回復/HP		9
2003		17	0	0	0		仙丹	仙人が服用すると言われる丸薬。HPがやや大きく回復する。	Potion	220	1	150	CONSUMABLE	HEAL	Heal	potion	2	-1		回復/HP		9
2004		42	0	0	0		アムリタ	飲めば不老不死になれるとまで伝えられる神の薬。HP・ステータス異常が全快する。	Potion	1000	1	1000	CONSUMABLE	HEAL	Heal	potion	2	-1		回復/HP		9
2005		0	0	0	0		解毒剤	毒を解除し、低下した耐久力と生命力を回復させる。※低下したHPは回復しない。	Potion	0	1	20	CONSUMABLE	HEAL	Heal	potion	2	-1		回復/毒		9
2006		0	0	0	0		麻痺消し薬	麻痺を解除し、低下した強靭力と敏捷を回復させる。	Potion	0	1	20	CONSUMABLE	HEAL	Heal	potion	2	-1		回復/麻痺		9
2007		0	0	0	0		聖水	呪いを解除し、低下した魔力と精神力を回復させる。	Potion	0	1	20	CONSUMABLE	HEAL	Heal	potion	2	-1		回復/呪い		9
3001		0	0	0	0		古びたコイン	錆びて泥だらけのコイン	Moneybag	0	1	10	MATERIAL				0	-1		宝/売却用アイテム		9
3002		45	0	0	0		少年の黒歴史ノート	少年が黒い邪神に取り憑かれた苦悩と衝動について書き綴られている	Moneybag	0	1	2035	MATERIAL				0	-1		宝/売却用アイテム		9
3003		45	0	0	0		自作ポエム	とある名も無き詩人が綴った詩。切ない恋と淡い痛みが記されている。	Moneybag	0	1	2035	MATERIAL				0	-1		宝/売却用アイテム		9
3004		20	0	0	0		壊れた基盤	壊れた型落ちの基盤。かつては最新版として活躍していたに違いない。	Moneybag	0	1	410	MATERIAL				0	-1		宝/売却用アイテム		9
3005		15	0	0	0		錆びた手錠	錆びて壊れた手錠。何に使われていたのかは不明。	Moneybag	0	1	235	MATERIAL				0	-1		宝/売却用アイテム		9
3006		0	0	0	0		折れた剣	刃の中ほどで折れた剣。その戦いの激しさを物語る。	Moneybag	0	1	10	MATERIAL				0	-1		宝/売却用アイテム		9
3007		20	0	0	0		はがれたステッカー	もはや粘着力も無くなったステッカー。何とも言えない懐かしさが漂う。	Moneybag	0	1	410	MATERIAL				0	-1		宝/売却用アイテム		9
3008		25	0	0	0		ラムネのビー玉	空に掲げると宝石よりも輝く光の玉。少年少女たちの宝物。	Moneybag	0	1	635	MATERIAL				0	-1		宝/売却用アイテム		9
3009		30	0	0	0		作りかけのボトルシップ	ボトルの中で作られた大人の芸術。一つの物を作り上げる難しさを教えてくれる。	Moneybag	0	1	910	MATERIAL				0	-1		宝/売却用アイテム		9
3010		20	0	0	0		壊れたメガネ	ツルの折れたメガネ。毎日同じものを見てきた物との別れの哀愁。	Moneybag	0	1	410	MATERIAL				0	-1		宝/売却用アイテム		9
3011		30	0	0	0		矢の刺さった膝当て	全ての元冒険者が付けていたという膝当て。冒険者を衛兵にクラスチェンジさせるという。	Moneybag	0	1	910	MATERIAL				0	-1		宝/売却用アイテム		9
3012		15	0	0	0		不発の花火	花を咲かせなかった花火。とはいえ危険には変わらない。取扱い注意。	Moneybag	0	1	235	MATERIAL				0	-1		宝/売却用アイテム		9
3013		5	0	0	0		片っぽだけのクツ	何があったのか、片方だけになった靴。この靴が片割れに再会することはあるのか。	Moneybag	0	1	35	MATERIAL				0	-1		宝/売却用アイテム		9
3014		5	0	0	0		股の裂けたズボン	身近に潜む悲劇。心と人間の尊厳を失いかねない危険な服。	Moneybag	0	1	35	MATERIAL				0	-1		宝/売却用アイテム		9
3015		10	0	0	0		傷だらけのディスク	何も読み込んではくれない、傷だらけのディスク。カラスよけに使われたりする。	Moneybag	0	1	110	MATERIAL				0	-1		宝/売却用アイテム		9
3016		10	0	0	0		インクの出ないペン	インクがペン先で固まり、もはや刺突武器にしかならないペン。	Moneybag	0	1	110	MATERIAL				0	-1		宝/売却用アイテム		9
3017		35	0	0	0		劇場の割引券	何かのオマケでついてくる割引券。行く気にさせるには微妙な値引き額。	Moneybag	0	1	1235	MATERIAL				0	-1		宝/売却用アイテム		9
3018		5	0	0	0		曲がったスプーン	根本で折れたスプーン。何らかの超魔術によって折られたのだろうか？	Moneybag	0	1	35	MATERIAL				0	-1		宝/売却用アイテム		9
3019		25	0	0	0		外れた車輪	外れてホイールが錆びた車輪。思わぬ事態に備えることの大切さを教えてくれる。	Moneybag	0	1	635	MATERIAL				0	-1		宝/売却用アイテム		9
3020		10	0	0	0		穴の開いたボール	穴が空いてべしゃんこになったボール。役目を無事終えた誇り高さが感じられる。	Moneybag	0	1	110	MATERIAL				0	-1		宝/売却用アイテム		9
3021		35	0	0	0		素人が描いた風景画	定年後の老人が趣味で描いた風景画。飾るには少し微妙。	Moneybag	0	1	1235	MATERIAL				0	-1		宝/売却用アイテム		9
3022		20	0	0	0		雨に濡れた古雑誌	役目を終えて打ち捨てられた雑誌。使い捨てられた悲しさを物語る。	Moneybag	0	1	410	MATERIAL				0	-1		宝/売却用アイテム		9
3023		40	0	0	0		用途不明のケーブル	何のケーブルだったのか思い出せない、けれど捨てられない。人間の執着の象徴。	Moneybag	0	1	1610	MATERIAL				0	-1		宝/売却用アイテム		9
3024		40	0	0	0		夜店のハズレおもちゃ	決して当たりは無いと理解しつつも、果敢に挑んだ挑戦者達が得た夏の思い出。	Moneybag	0	1	1610	MATERIAL				0	-1		宝/売却用アイテム		9
3025		10	0	0	0		サイズが合わないネジ	どこに使えるのか分からない、微妙な大きさのネジ。個性主義の弊害。	Moneybag	0	1	110	MATERIAL				0	-1		宝/売却用アイテム		9
3026		0	0	0	0		腐った木の盾	どんな槍でも通すと思われる腐った木の盾。命知らず専用。	Moneybag	0	1	10	MATERIAL				0	-1		宝/売却用アイテム		9
3027		30	0	0	0		犬用全身甲冑	愛犬に対する並々ならぬ保護愛が感じられる犬用の鎧。犬の機敏さを完全に封じる。	Moneybag	0	1	910	MATERIAL				0	-1		宝/売却用アイテム		9
3028		5	0	0	0		鳴らないオルゴール	演奏を止めた音の小箱。かつての名曲は古い記憶の中でだけ響き続ける。	Moneybag	0	1	35	MATERIAL				0	-1		宝/売却用アイテム		9
3029		0	0	0	0		弦の切れたハープ	どんな演奏家もこの楽器では奏でられない。あるいは天才なら……？	Moneybag	0	1	10	MATERIAL				0	-1		宝/売却用アイテム		9
3030		25	0	0	0		開かない傘	冷たい雨から主を守り、力尽きた傘。時には忘れられても、役目は変わらない。	Moneybag	0	1	635	MATERIAL				0	-1		宝/売却用アイテム		9
3031		35	0	0	0		鍵の無い錠前	対になる鍵が失われた錠前。鍵をかけると開かずの鍵となり、迷惑。	Moneybag	0	1	1235	MATERIAL				0	-1		宝/売却用アイテム		9
3032		45	0	0	0		暴れん坊の武勇伝帳	「昔は俺も悪かった」から始まる武勇伝。現在は立派な人物だと本人は称する。	Moneybag	0	1	2035	MATERIAL				0	-1		宝/売却用アイテム		9
3033		15	0	0	0		パンクしたタイヤ	穴が開いているゴムチューブ。工夫すればまだまだ用途がある。	Moneybag	0	1	235	MATERIAL				0	-1		宝/売却用アイテム		9
3034		40	0	0	0		清涼飲料のキャップ	別名王冠。もし世界が荒廃していたら通貨として使われるかもしれない。	Moneybag	0	1	1610	MATERIAL				0	-1		宝/売却用アイテム		9
