Id	Tag	Type	UserTag	SkillTag	LeanLevel
					
1		UNiT	kazuha	Ice1	0
2		UNiT	kazuha	IceAll1	0
3		UNiT	kazuha	Ice2	0
4		UNiT	kazuha	IceAll2	0
5		UNiT	kazuha	Ice3	0
6		UNiT	kazuha	IceAll3	0
7		UNiT	kazuha		0
8		UNiT	kazuha		0
9		UNiT	niko	fire1	0
10		UNiT	niko	fireAll1	0
11		UNiT	niko	fire2	0
12		UNiT	niko	fireAll2	0
13		UNiT	niko	fire3	0
14		UNiT	niko		0
15		UNiT	niko		0
16		UNiT	niko		0
17		UNiT	misa	Earth1	0
18		UNiT	misa	Earth2	0
19		UNiT	misa	Earth3	0
20		UNiT	misa	EarthAll1	0
21		UNiT	misa	EarthAll2	0
22		UNiT	misa	EarthAll3	0
23		UNiT	misa		0
24		UNiT	misa		0
25		UNiT	shiho	Heal1	0
26		UNiT	shiho	Heal2	0
27		UNiT	shiho	Heal3	0
28		UNiT	shiho	HealAll1	0
29		UNiT	shiho	HealAll2	0
30		UNiT	shiho	HealAll3	0
31		UNiT	shiho		0
32		UNiT	shiho		0
33		UNiT	izumi		0
34		UNiT	izumi		0
35		UNiT	izumi		0
36		UNiT	izumi		0
37		UNiT	izumi		0
38		UNiT	izumi		0
39		UNiT	izumi		0
40		UNiT	izumi		0
41		UNiT	mutsumi	thunder1	0
42		UNiT	mutsumi	thunder2	0
43		UNiT	mutsumi	thunder3	0
44		UNiT	mutsumi	ThunderAll1	0
45		UNiT	mutsumi	ThunderAll2	0
46		UNiT	mutsumi	ThunderAll3	0
47		UNiT	mutsumi		0
48		UNiT	mutsumi		0
49		UNiT	nanaru		0
50		UNiT	nanaru		0
51		UNiT	nanaru		0
52		UNiT	nanaru		0
53		UNiT	nanaru		0
54		UNiT	nanaru		0
55		UNiT	nanaru		0
56		UNiT	nanaru		0
57		UNiT	yae	Wind1	0
58		UNiT	yae	Wind2	0
59		UNiT	yae	Wind3	0
60		UNiT	yae	WindAll1	0
61		UNiT	yae	WindAll2	0
62		UNiT	yae	WindAll3	0
63		UNiT	yae		0
64		UNiT	yae		0
65		UNiT	Noderabo	Fire1	0
66		UNiT	Poltergeist	Wind1	0
67		UNiT	SherryCoat	BodyAssault	0
68		UNiT	JackOLantern	Fire1	0
69		UNiT	Mothman	Fire1	0
70		UNiT	Merman	Biting	0
71		UNiT	Kodama	Heal1	0
72		UNiT	PoisonBee	Poison1	0
73		UNiT	Gremlin	Ice1	0
74		UNiT	Gargoyle	BodyAssault	0
75		UNiT	Loveless	Heal1	0
76		UNiT	HeartEater	Thunder1	0
77		UNiT	HeartEater	Wind1	0
78		UNiT	Satyr	Paralyze1	0
79		UNiT	GiantCentipede	Paralyze1	0
80		UNiT	Cerberus	Fire1	0
81		UNiT	Charon	Fire2	0
82		UNiT	Dryad	Heal2	0
83		UNiT	Amon	Thunder2	0
84		UNiT	Amon	Ice2	0
85		UNiT	PrincessCentipede	Ice2	0
86		UNiT	PrincessCentipede	Heal2	0
87		UNiT	Yukibouzu	Ice2	0
88		UNiT	JackFrost	Ice2	0
89		UNiT	JackFrost	IceAll1	0
90		UNiT	Yaksha	Earth2	0
91		UNiT	Tindalos	Fire2	0
92		UNiT	Charybdis	Thunder2	0
93		UNiT	Naga	Wind2	0
94		UNiT	Naga	WindAll2	0
95		UNiT	Phantom	Fire2	0
96		UNiT	Jubokko	Earth2	0
97		UNiT	Jubokko	EarthAll1	0
98		UNiT	GreatNyudo	Fire2	0
99		UNiT	GreatNyudo	FireAll1	0
100		UNiT	HellRider	Paralyze1	0
101		UNiT	HellRider	Wind2	0
102		UNiT	Bunyip	Heal2	0
103		UNiT	Bunyip	HealAll1	0
104		UNiT	Rakshasa	Ice2	0
105		UNiT	Rakshasa	Poison1	0
106		UNiT	Necronomicon	Fire2	0
107		UNiT	Necronomicon	Ice2	0
108		UNiT	Necronomicon	Thunder2	0
109		UNiT	Barometz	Heal2	0
110		UNiT	Barometz	HealAll1	0
111		UNiT	MummyKing	Earth2	0
112		UNiT	MimickingBeauty	FireAll2	0
113		UNiT	Flatwoods	Wind3	0
114		UNiT	Flatwoods	Thunder2	0
115		UNiT	PseudoDragon	Earth3	0
116		UNiT	PseudoDragon	EarthAll2	0
117		UNiT	Asura	Fire3	0
118		UNiT	Serpent	Wind3	0
119		UNiT	PrisonGuard	Fire3	0
120		UNiT	PrisonGuard	Ice3	0
121		UNiT	Taihou	Thunder3	0
122		UNiT	Taihou	ThunderAll2	0
123		UNiT	Mushihime	Wind3	0
124		UNiT	Mushihime	Heal2	0
125		UNiT	Mushihime	Ice3	0
126		UNiT	FallenAngel	Heal3	0
127		UNiT	GrimReaper	Ice3	0
128		UNiT	GrimReaper	Paralyze1	0
